block_timestamp,source_tx_hash,blockchain,destination_chain,source_amount_numeric,bridge_kit_fee_total,bridge_kit_fee_circle_collected,bridge_kit_fee_dev_collected
2026-05-03 20:13:59+00:00,0x3dc9ce2fd7d51093a28f55fb8a02a4c90e641469f7a7d78292e5fdc60be321f0,BASE,SOL,0.450000,0E-38,0E-38,0E-38
2026-04-30 15:22:57+00:00,0x4467f4599c407a59b6271e5a26385af3a7a394477c6c3cf8ffd0579b66fcd95b,HYPEREVM,SOL,1.000000,0E-38,0E-38,0E-38
2026-04-30 15:16:04+00:00,0x38238dcca3a5dd70d861cc6f68fcf6fd8fb973bf6829282e5f9aba88d0a1bd68,HYPEREVM,SOL,1.000000,0E-38,0E-38,0E-38
2026-04-30 15:06:15+00:00,0xae53aeb07f25df9c349005fbca57a453f2befe8c5d83befa929f44beb4777491,HYPEREVM,SOL,1.000000,0E-38,0E-38,0E-38
2026-04-30 13:30:33+00:00,0xf298f1b0850609f764ba35f9db55474806b4b6d5938ed310470b567005496ab5,HYPEREVM,SOL,1.100000,0E-38,0E-38,0E-38
2026-04-30 13:25:56+00:00,0x4d6e3de6f6c31752c40de42bda19af1435274a1baefb3e9ef8314cc7a5afb8d9,HYPEREVM,SOL,1.500000,0E-38,0E-38,0E-38
2026-04-30 13:19:04+00:00,0x36688833f710d80c4a69d8e5ae28cac252136af82d0b136007f0398c9b860274,HYPEREVM,SOL,0.500000,0E-38,0E-38,0E-38
2026-04-30 13:15:58+00:00,0xe5061a62b094d7c73ba61f925bdabc5fe18d752a82a1fd649423399849de2c7a,HYPEREVM,SOL,0.500000,0E-38,0E-38,0E-38
2026-04-30 13:09:53+00:00,0x79af71f4c1906aea23720edbb644741e5f1d260885595fa1ba0dcfe69310644c,HYPEREVM,SOL,0.500000,0E-38,0E-38,0E-38
2026-04-30 12:57:32+00:00,0xfa767611f019bbe8499e2a6e729b24879f98a791f04349d4c8172d0633230bfa,HYPEREVM,SOL,0.500000,0E-38,0E-38,0E-38
2026-04-30 12:49:18+00:00,0x21b09a3b0fe21a30719d0787f2b1f5d83a9276e3035414698da6ee0614fcfbe3,HYPEREVM,SOL,0.500000,0E-38,0E-38,0E-38
2026-04-30 12:40:44+00:00,0x8181c100063749690650304065b0d9a919dbf8c20ea65ddf77a67f80f280b0dc,HYPEREVM,SOL,0.500000,0E-38,0E-38,0E-38
2026-04-29 19:10:07+00:00,0x0fbeb02d6f89de640c33f723ed9bcc9e046283964af224c06ae614f6541300dd,HYPEREVM,SOL,0.100000,0E-38,0E-38,0E-38
2026-04-28 11:43:53+00:00,0xd4735b3f5181adfde8b46e4877e9ff63da9d62e8967b166d94a802e99accaa2c,BASE,PHAROS,1.000000,0E-38,0E-38,0E-38
2026-04-28 10:24:03+00:00,0x27446d99e487bc68ce3ac284c940fa981bb73282c1fce7b704c7b541fe030bd6,BASE,ETH,1.000000,0E-38,0E-38,0E-38
2026-04-27 10:19:53+00:00,0x4e9c2a55d9e37a4e777fe79ebe1a96b4c09c663935b8a8b5370525f008ca192c,BASE,ETH,1.000000,0E-38,0E-38,0E-38
2026-04-26 16:15:10+00:00,0xb4d82980375e5dc750056f0588dd5cfc2c8370e16c07e1d00e6b45fd8cbddcec,POLYGON,LINEA,0.010000,0E-38,0E-38,0E-38
2026-04-26 16:05:30+00:00,0xcff5c9fdeb295d8865b92d3f674e1162088be9b0efe7a763c6b5872806124c03,POLYGON,LINEA,0.010000,0E-38,0E-38,0E-38
2026-04-26 15:48:24+00:00,0x679c79335868f9cd005a0fdb09cd85a380c4c3ca301520a64403fcddd2e1fab3,POLYGON,LINEA,0.010000,0E-38,0E-38,0E-38
2026-04-26 02:59:57+00:00,5jqSN6MqYx6miMQVcGMr3fCRuNkada7ZbZu3LN9BDZfTLBpkzxyYE3X3mLQKScGmKDbfUGgZe5a9C9dD7FDXNLvq,SOL,ETH,0.996029,0E-38,0E-38,0E-38
2026-04-25 07:21:20+00:00,5c7Ee5htt85YGPytVHmSTCH8JUdQFMFPiXA9613imUmfue1cH6hNwFA8tDcbGcB9JQTKwGpMBYpjcDvfLuBg2hEY,SOL,ETH,0.051853,0E-38,0E-38,0E-38
2026-04-24 12:40:07+00:00,76z7UR2siPXraZoCoNYxPqQXeHtMj8ruxa9S32UVYncTkkBzVWgK9Zy4wz4T6jYYShNX1CB5WYLuvujDihiy83F,SOL,ETH,0.151258,0E-38,0E-38,0E-38
2026-04-24 12:34:15+00:00,3wFQ5RZwLdWcoJjEcGBXSAZN77CKVnW3Et395R5YcsaVqBUEC9jNBpXkuJDzyxRshReSVVPndXzUxbZ7qgpqzk9Z,SOL,ETH,0.151258,0E-38,0E-38,0E-38
2026-04-20 12:11:03+00:00,3r8ZCDQfbgyagscG76MA795GBwPez1pxM1XrYF6cXNCcezi9bXDxu82J6TWxG2yFnQ47h8fnaXxZuMxDETBpZV9L,SOL,ARB,0.400122,0E-38,0E-38,0E-38
2026-04-20 12:10:21+00:00,31us4EoAEgWEV3c1eB1AKJggu7RFVyf3Vo2kzkn4EyEHnj74FqMnN9sCEKsu5N4j6vAsXwJ6AnxuRgHZ5chzunhz,SOL,ARB,0.319096,0E-38,0E-38,0E-38
2026-04-20 12:08:56+00:00,4tmxA1XdXFQ14X3yMS9vNSToJPUWHAudcxbczYMdGQLZyQWqHdUaLx7kEukxUqLq2xVxzkjbJiytQB424g6wr83j,SOL,ARB,0.008453,0E-38,0E-38,0E-38
2026-04-20 11:09:19+00:00,5tyk3Q8uUA9MJrUUbjN4Bik4wRGiNDkGnX3qbLskQFosfaVQVwXPynoQsjymYiBEsMDyfvzvZge7BU6QN7VK4Wyi,SOL,ARB,0.236888,0E-38,0E-38,0E-38
2026-04-20 11:08:44+00:00,3JniaERLfa2Z7fEy3znMdLTR13gCJjsf1sx34QWKPT8EJRybiuNZhLfRfGxxqWoRuhUwjz9SWg5VPZo5Q6f2rJo2,SOL,ARB,0.396560,0E-38,0E-38,0E-38
2026-04-20 11:07:53+00:00,4Tx1PHckrdwNrqLJSnQia86AiDuz1dHUiFh2WxKH5wWuUtTPAtuwBTjqcur1ZCKLWSvTUDsXtLPEcVQneSAaZeVD,SOL,ARB,0.246336,0E-38,0E-38,0E-38
2026-04-16 10:49:26+00:00,0xf9cd96cb1a3241acfd9a5e0cb7401c8cd12b4ced1f3cda3e277f6e746a50792e,ARB,PHAROS,0.010000,9.9999999999999995474811182588626E-7,0E-38,9.9999999999999995474811182588626E-7
2026-04-16 07:16:03+00:00,0xf52e876cca13eeb6c71883efbf8c6051c6f57bda46f453a8df94323f8415b1a8,ARB,PHAROS,0.010000,9.9999999999999995474811182588626E-7,0E-38,9.9999999999999995474811182588626E-7
2026-04-16 01:29:44+00:00,ryxF132fnZo63vppXBiA63ZppjpYdMe7GgUshM6JEYBDQmD4raRbqYQNQctqcB9mZpEWpEoyujw25jvRjd4JpCV,SOL,PHAROS,0.010000,0E-38,0E-38,0E-38
2026-04-16 01:29:13+00:00,3dWpB3sagkorQu9Bo4VwCeeVSmjEN2Lwy5Bg67aht7ud77W74vFx1xAX9i3o2FjY9feKQsxeAuzDcUiXbG3r9hEb,SOL,PHAROS,0.010000,0E-38,0E-38,0E-38
2026-04-16 01:28:47+00:00,VF8zniN1t3qihDXzJpT4C9LnrTLvmqqUWktLTQrvc7AFGh2K1t3veT9D6QDozWV7xUEemquHf7QA6Fg3UYc85YA,SOL,PHAROS,0.010000,0E-38,0E-38,0E-38
2026-04-15 23:52:45+00:00,0x808701493f8f3117a6822d367163f4575d7ef58cb3d4edb633edd5c96c2696a1,BASE,PHAROS,0.010000,0E-38,0E-38,0E-38
2026-04-15 21:19:13+00:00,0x411bf663fe95e9f9325d001a98eeab643ec9f4883115b8441231074602a0be7b,AVAX,PHAROS,0.010000,0E-38,0E-38,0E-38
2026-04-07 02:48:59+00:00,0x325747e26fbbc7954eb3cc2be75af729ea31bd87b74ce9863d3ac96877874360,ETH,SOL,5.000000,0E-38,0E-38,0E-38
2026-04-03 14:15:56+00:00,4DGBJXEFhFfFrKCu9fLF5vGs3cycEZECj8RogCEcWkaTpvGGqMsPcaFn5H18UdHDtnBTYQTCRqHtaVRDoTiGfj5t,SOL,BASE,1.000000,0E-38,0E-38,0E-38
2026-04-01 12:18:23+00:00,0x57c78401047452da7fef90460c5e305dc1af682bffd6e09170e90e82b26cf18c,BASE,SOL,10.000000,0E-38,0E-38,0E-38
2026-03-26 19:31:14+00:00,0x9736dc03b7ccb41fd46ca61a03c4cca4c3e0644456ed1bb67b9dc70c3129d6bf,SONIC,LINEA,2.000000,0E-38,0E-38,0E-38
2026-03-26 07:23:59+00:00,0xd56aeee3a5410207da02c5e5b7666b86c262841b8390df0e5ec659de3f412e93,ETH,SOL,38.500000,0E-38,0E-38,0E-38
2026-03-24 15:19:46+00:00,0xb0107910dcf6027f100a6d4e379bf5203954f76245687830453a83d098fd853e,ARB,SOL,150.000150,0E-38,0E-38,0E-38
2026-03-23 19:23:37+00:00,0x46fd0042d009cef0fea0363a3cc1b7d576031d3a546b6652fa7274f81e9553cd,ARB,SOL,5.586237,0E-38,0E-38,0E-38
2026-03-23 18:49:24+00:00,0xe6b465cda5bfb9a2dee690d5fdf82a75429e9dc729a7eebb6189248a5c06fa3f,ARB,SOL,7.740000,0E-38,0E-38,0E-38
2026-03-21 00:05:11+00:00,4VENmdSwZzFNXKtpr9PNrabDeq4Fq3X6ZLQVHLgjGE8MhkGxpb1cH7QYk8XtUiNWEuTfn1MBeR5sYV8TLiPHW62R,SOL,MORPH,0.001000,0.00010000000000000000479217360238592960,0.00000999999999999999912396464463171242,0.00009000000000000000566820895775421718
2026-03-21 00:04:44+00:00,9ejyjMUwKP5G33yGMMKAsyRbsjjhBhnXtm6KtZiEJp1v8nmKzFq8s54aY1cqWKnEkDGJJYkY2HZ6k69hK1iaDzt,SOL,MORPH,0.001000,0E-38,0E-38,0E-38
2026-03-21 00:03:20+00:00,2LuoQYyvr8G26fdpkMJrz2KswDxHyppHgfToNZXJfZVVXvvc7Qh6FtFYfxrRiLhfWu8X4LdXBYmfhg46BGsSWaQV,SOL,EDGE,0.001000,0.00010000000000000000479217360238592960,0.00000999999999999999912396464463171242,0.00009000000000000000566820895775421718
2026-03-21 00:02:52+00:00,4CkXoNVLzgBVLzpDboBhiuyeaMBHM5uXdaRhsfRBEez1rJxUWxQkafjdY8zRkU3UZ4WAUACRmdTDDZ56YG1aURrA,SOL,EDGE,0.001000,0E-38,0E-38,0E-38
2026-03-19 23:25:14+00:00,3u9iYnFLoigdnv5R77VLUcqoVT9eznxqKHays8Axf9nFwBNWcGU1t5QitA77sk5FcHqY1z1apW9TFUUH6o1MM1Cj,SOL,ETH,2.000001,0E-38,0E-38,0E-38
2026-03-19 18:30:29+00:00,0xabeb013fae2d98d01ee3e2225392a95088d5e4f93707a957dbd6ae7689cbcf4e,AVAX,SOL,10.000000,0E-38,0E-38,0E-38
2026-03-19 18:23:12+00:00,0x66ab7ea116c7595ae9f80145e0a68ff3de358ac4a6f098f8617a1dc389cf307d,AVAX,SOL,10.000000,0E-38,0E-38,0E-38
2026-03-18 20:10:35+00:00,0xa71690bd6415b9c2f276da3badbe6d0ab93a5ba4161a2c8322ea0915ab6b4910,ETH,INK,5.000000,0E-38,0E-38,0E-38
2026-03-17 17:11:40+00:00,42jzCFLnBdXrHiwX5BCgXm5nev77euXyako1EdhEQvN237rRfc5PeGRpyfTarjRC8o978x3MVjQk4jxMqFFFibpB,SOL,ETH,1.240625,0E-38,0E-38,0E-38
2026-03-17 16:47:27+00:00,5PXKFjzQPga5NB8Vw8W8FEE7uFqvne3uY9z3VrAcyMVRpVMowEbfzJ4xe61d51zubv8UVfqjLmDQdxWWdWpWqNYP,SOL,ETH,0.198712,0E-38,0E-38,0E-38
2026-03-17 16:46:51+00:00,3vrDH1Hx9wriayeo6ddTVoTHG9bJfBmgqDX6WjzCGawsbvuJhpqGKPfNnUoiXivp5YT3KbyQ9cshb6Lc6eXAMLhM,SOL,ETH,1.600429,0E-38,0E-38,0E-38
2026-03-14 13:15:37+00:00,ZcUTgSt7S4qjpnioeHFc6acP36QVyWSxbnBdPW24HxMyPLbiCTq4cdLHXxCD6ED1uXya1UuoMBSqQ8BdsYFwUcS,SOL,ETH,1.000000,0E-38,0E-38,0E-38
2026-03-13 18:53:15+00:00,0x600faa448fce94740f26a4dd894e4967fb04fbb9e0d750826f110a50b5bd6521,BASE,EDGE,1.000000,0.05000000000000000277555756156289135106,0.00500000000000000444089209850062616169,0.04499999999999999833466546306226518936
2026-03-13 05:27:41+00:00,0x6eedb45a2f5cac51697ece1fc6b55d4126e060af0a4e41bcd80ceef9fabdb56f,ARB,SOL,2.000000,0E-38,0E-38,0E-38
2026-03-12 07:05:39+00:00,0x1af64256311fd87ba4d13655e6616a7966bebf43705cd21427d6cbe203aeb21f,ARB,SOL,6.000000,0E-38,0E-38,0E-38
2026-03-12 00:55:02+00:00,5R5FNpzrsQBpsyhQWvGfBJpAJU86k6WCgiWuHGzm5oZYXqnowzzBmr9htzr5dk5evAS4mYq9R9oEA3rXij62p5ui,SOL,EDGE,0.001000,0E-38,0E-38,0E-38
2026-03-12 00:51:38+00:00,5W5gjbKoCzXWbVfQx7X9YrPEbfMA11UAhCE1x2uAYLiL1te3hJaeSxcC4ryubAXckZRbAuK5WG2vYVXFqyUPdK3i,SOL,EDGE,0.001000,0E-38,0E-38,0E-38
2026-03-11 19:55:50+00:00,2xTA2QaYhB1AcuSdoMGN2NQtGMxSmNPgwGk8yrAjoHCPENFXCcejiFbz5H88nK3XYgiLa4BS1q9z8ye3aTP4ZmXU,SOL,EDGE,0.010000,0E-38,0E-38,0E-38
2026-03-11 19:36:28+00:00,33HP7MV8nEpdrt1zyHDXHBf65jYivMMhy4HmNHxMY9Qg1ynvntiYQeScwAKqF4MToDV8FjqyvWEzr8rFgYevUB4H,SOL,EDGE,0.010000,0E-38,0E-38,0E-38
2026-03-10 21:18:58+00:00,473FLVpPMJWTRJva8Pw5ptpkTVfB522kHrEkNjadA2fVcsm95p7kHgdbkz1dQduG6R9uDbMBtg5Z8PiPvB9oKUef,SOL,ARB,1.381133,0E-38,0E-38,0E-38
2026-03-10 21:18:08+00:00,4AKbzn4BDLV8Pprv9srQn1gkxiMqoZXdH7zdhpUVPMCLBKikoXC6pf5oiEpuH211J7KrNx1p7RfWPPpz16VaSeh5,SOL,ETH,0.618867,0E-38,0E-38,0E-38
2026-03-07 21:46:23+00:00,0xe96117d833de5b0bfef2187eb3f8e8cf652048b459e944710b18ef9ca048ce6e,SEI,ARB,0.010000,0E-38,0E-38,0E-38
2026-03-07 10:05:26+00:00,0x093e2a5277f2e82d5a88a0b108bf3911b9bc13e6605c823faf94a5453e949d2b,SEI,ARB,0.010000,0E-38,0E-38,0E-38
2026-03-07 04:43:36+00:00,0xa399159b33e9a3232e1a4fd974645e99a4ae909bbaa3d75f0175bfb87384a0f3,ARB,SOL,50.000000,0E-38,0E-38,0E-38
2026-03-07 04:19:16+00:00,0x8aa9685eb916b21ddf64ce84bc534cc8c6eb72b6dcf3d7c3609039ec9ee78516,ARB,SOL,45.059573,0E-38,0E-38,0E-38
2026-03-06 22:16:26+00:00,0x893c8ffefeafed0a799eaafee53df72c24135fe8dded5f2005174d4ec31c36c7,SEI,BASE,0.010000,0E-38,0E-38,0E-38
2026-03-06 01:46:08+00:00,Bvo44G3eunShnFku9HP8LqKcp1u4iaUAqoqdnVib5UNa6RETZPPCwiwWMhMBNj3Cs4QxfvLAiBBb98y8T6Br3dj,SOL,POLYGON,0.400000,0E-38,0E-38,0E-38
2026-03-04 14:24:52+00:00,0x5cf4df7234d9eb5f9ddeb2b63d77f646913edc22344b6749aa8a58ab372adccd,ARB,SOL,9.950020,0E-38,0E-38,0E-38
2026-03-04 11:52:29+00:00,0xdc6043f5b3c7044810c76d389c582b0f23d7bd182af01ed2be5e468247ebf255,BASE,ETH,0.200000,0E-38,0E-38,0E-38
2026-03-04 11:05:39+00:00,0x2ba1bab08145ef792096aa3ec1e125622f292c7caabe13e51afc773b391aba75,BASE,ETH,0.500000,0E-38,0E-38,0E-38
2026-03-03 17:03:07+00:00,0x0ca9fb07ac06e8649ea358b254c2ac051c044d453704e565a80ebaa7368373eb,BASE,ETH,1.000099,0E-38,0E-38,0E-38
2026-03-01 20:48:23+00:00,0xf16eb04d95f40a24e52a7e03b6852f55a4dce5671669e71e6ef1f9e43e5c3118,LINEA,MONAD,0.150000,0E-38,0E-38,0E-38
2026-02-28 21:50:42+00:00,0xcbe84535e2968996ad7d5e29a2c7cdfa3b11e4fdae0e83f3b2635472ac50be7c,LINEA,MONAD,0.150000,0E-38,0E-38,0E-38
2026-02-27 15:26:25+00:00,0x65a42808abc10d92548cab66a25dac6265bcc3d61046674dbb6d7cb2dc295d20,BASE,ARB,7.340000,0E-38,0E-38,0E-38
2026-02-27 15:19:05+00:00,0x8dc9e5588558ab43957bbd62a8b9e0524e3bb1d1f9cd5111daee4ae97b0b8ff4,BASE,ETH,41.030000,0E-38,0E-38,0E-38
2026-02-27 15:16:23+00:00,0xc70c72e61be486b98a56bfef49cda801bc215832c218375ea701dda7589e2061,BASE,ETH,41.030000,0E-38,0E-38,0E-38
2026-02-27 15:15:53+00:00,0xc946b1e314ba5a796a324b25184d6186e9627f6c0039fcacb8d51b1f155ea8f3,BASE,ETH,41.030000,0E-38,0E-38,0E-38
2026-02-27 15:13:19+00:00,0xfc1c3f7a65bd108d06701d9307fcf5f79f759cffcf7ab32910a042601297f666,AVAX,ETH,9.010000,0E-38,0E-38,0E-38
2026-02-27 15:12:55+00:00,0x8f93d51120ed382bcc969a2b26dffb07edabb6f3042bb1a801f4702045c58829,BASE,ETH,41.030000,0E-38,0E-38,0E-38
2026-02-26 17:33:23+00:00,0x22b60c9a1f58be3f919022836be8357acdb284bb677a3b38738850e85e13b548,BASE,OP,8.900000,0E-38,0E-38,0E-38
2026-02-26 17:26:27+00:00,0x63ddc520338b05afa71239c8e8356d042b27b1c8bbc239133008e03e5a1f7f94,BASE,OP,8.900000,0E-38,0E-38,0E-38
2026-02-26 16:56:09+00:00,0x39c38d0ac78fd7deb58097264652286305e182497a86fcb9d3790c51e1969cd5,BASE,OP,8.900000,0E-38,0E-38,0E-38
2026-02-26 16:55:49+00:00,0xc1bc5e0584f1b2120701aff351fef28fdb4f9881f963826adf3daeff5097950b,BASE,OP,8.900000,0E-38,0E-38,0E-38
2026-02-26 16:55:27+00:00,0x2c2efc971fb9b62ecc859041bd1207923a0dca58977af4d63b010b903f33ef6b,BASE,OP,8.900000,0E-38,0E-38,0E-38
2026-02-26 16:55:07+00:00,0x143e62e81dd7999eb6f224b3684f39e84c35bea0470a7c1829eb4544fac41de5,BASE,OP,8.900000,0E-38,0E-38,0E-38
2026-02-26 16:54:47+00:00,0x30cf523e952d6a005af8b7a57fa3812747497a03bf667dd778929086a60b5646,BASE,OP,8.900000,0E-38,0E-38,0E-38
2026-02-26 16:54:29+00:00,0x1491641c635a8b4cc0185527e88eb842e0ca350e79896bc91f7b7c70f0889cd8,BASE,OP,8.900000,0E-38,0E-38,0E-38
2026-02-26 16:54:15+00:00,0x6d26c18ec947426bbfc6e5ba06861d964afa0238da31b8ef2e89b6227ecd3de3,BASE,OP,8.900000,0E-38,0E-38,0E-38
2026-02-26 16:53:53+00:00,0x3debad73345a12e4f7631a2407a0f2db23f6b3cf2a1ae05d84391285690b74fe,BASE,OP,8.900000,0E-38,0E-38,0E-38
2026-02-26 16:40:31+00:00,0xba627d2ae1ec9f7d78dd9a171b41d42cf8bed22cdde8cbcb9ece9e36d5d387d7,BASE,OP,8.900000,0E-38,0E-38,0E-38
2026-02-24 22:43:29+00:00,0x5e25e8a8f36f632bc4da697150f7d4702054b65d9a519106097a7fa3ed8db7d0,BASE,OP,8.900000,0E-38,0E-38,0E-38
2026-02-24 22:42:39+00:00,0x55dd73cb4c766fe68bd64b26056beca60d8e4a86f2b363b2a7e46b435719c872,BASE,OP,8.900000,0E-38,0E-38,0E-38
2026-02-24 22:39:16+00:00,0x91c152d83bc2811e4f005e8ab404b945c11bc17afae0f37dee0f27ed8aa1bb3d,AVAX,OP,8.900000,0E-38,0E-38,0E-38
2026-02-24 22:38:27+00:00,0xd18bfd0d9bbc304da74135e1e1f0b9d79557671680454462c3c9e6e70b1c3d80,AVAX,OP,8.900000,0E-38,0E-38,0E-38
2026-02-24 22:37:39+00:00,0xe22304a1d39fcd825a745da6ee5626414669ceec8cca87ef4941b5c35d7af256,AVAX,OP,8.900000,0E-38,0E-38,0E-38
2026-02-24 22:33:46+00:00,0x809c5867f7d39201546991f1cc18c50f8e53340747f058ef35516f5745183238,AVAX,OP,8.900000,0E-38,0E-38,0E-38
2026-02-24 22:33:06+00:00,0x8c6abcd3d0f787e15d6819953e02415979c0ca3991d4bcf86f6d7c4e2a8dc4c4,AVAX,OP,8.900000,0E-38,0E-38,0E-38
2026-02-24 22:32:25+00:00,0xf6910acffafd48414ee65796d90824fc070746328408bd5b2674c34d58aa8995,AVAX,OP,8.900000,0E-38,0E-38,0E-38
2026-02-24 22:27:30+00:00,0x4ea71661f8a79a173ba3fa3b252cad171a1b26c9ae69e290a5d4366291ee2cc1,AVAX,OP,8.900000,0E-38,0E-38,0E-38
2026-02-24 22:22:32+00:00,0x0f7d5be39589383e20863fe3f6125de53ffa9a946618197ce3da11173c4c1141,AVAX,OP,8.900000,0E-38,0E-38,0E-38
2026-02-24 22:21:42+00:00,0xddd380dafd8c3c98d3b610276c693b2dbce5c99de5c18f189cd8d41cc555816f,AVAX,OP,8.900000,0E-38,0E-38,0E-38
2026-02-24 22:16:32+00:00,0x9d2d48ca90dd58c25ffb919c5bce5292a0cee51944115927547c6d2b498b314f,AVAX,OP,8.900000,0E-38,0E-38,0E-38
2026-02-24 22:05:43+00:00,0x5963df0d5382a768de336a8c0930ecf6b104dd56f7050b011f0a1afadef0de8e,AVAX,OP,8.900000,0E-38,0E-38,0E-38
2026-02-24 22:03:58+00:00,0x10e3701763c976235c606ae51612008f66b0faeb9747e9ba12cae695fee91cc4,AVAX,OP,8.900000,0E-38,0E-38,0E-38
2026-02-24 22:03:06+00:00,0xe8dd7a5d1709d3351a9d5c1041dfa5410acb696a0acf9c89c983d1e48927d941,AVAX,OP,8.900000,0E-38,0E-38,0E-38
2026-02-24 21:54:41+00:00,0x60e3dca000036c144bf1e1e8a5b5ec268c529f3baf75d921b086f74134dec917,AVAX,OP,8.900000,0E-38,0E-38,0E-38
2026-02-24 21:48:45+00:00,0x5f7250ac6a2f5f42ab021d39260b7691ab51ccd3259bcf0ae06742dc8488e1ce,AVAX,OP,8.900000,0E-38,0E-38,0E-38
2026-02-24 21:37:17+00:00,0xb897f59368e16ff3f9242bfcf250e98d8866773d40ea8c7d33f8b5bbda2538d1,AVAX,OP,8.900000,0E-38,0E-38,0E-38
2026-02-24 21:26:17+00:00,0x6bcf7ea9715453746fc916d40405b01b6ce4340348b832a0617ee536d80b4e02,AVAX,OP,8.900000,0E-38,0E-38,0E-38
2026-02-24 21:15:18+00:00,0xbbe0765bfa0d96424dfeccbcce00e7f1c769fb6b0a710ccf1c92ee3d8decb4b8,AVAX,OP,8.900000,0E-38,0E-38,0E-38
2026-02-24 21:04:45+00:00,0x3d47c6cd11484f9b62aac62ec4a59b60cab674941c691efaaaf5427d15eb9aa3,ARB,OP,8.900000,0E-38,0E-38,0E-38
2026-02-24 20:58:37+00:00,0x5f7fac0ef5cee3d4cc82f039cec1d1f975f83fc8370c4433d601ef5c7716ec9d,AVAX,OP,8.900000,0E-38,0E-38,0E-38
2026-02-24 20:53:15+00:00,0xe28caf7124d82ee955e45ab18cd435eb0258d334fd314a91666927ce5f74bd47,ARB,OP,8.900000,0E-38,0E-38,0E-38
2026-02-24 20:12:28+00:00,0xb05816f7c48bed66936da23c9ecbf5a7afd61aaa48cedef3c9575fc196b4bc26,LINEA,CODEX,0.150000,0E-38,0E-38,0E-38
2026-02-24 20:07:47+00:00,0x5bcc22d2266f41f795a923429d2bfbd368f2bd96bfac84b32ccf6d9b3cd55b0e,LINEA,CODEX,0.150000,0E-38,0E-38,0E-38
2026-02-24 19:56:52+00:00,0x4cf5c4fd08cdacaf3281f5b2d9b2f576b6530819465f047c65eb2061e90b9811,LINEA,CODEX,0.150000,0E-38,0E-38,0E-38
2026-02-23 16:39:16+00:00,0xc9897afaeae1f0cdcd664934c837d6c7fe8f5f0b6fdef44adb9c0cb7091037c5,ARB,SOL,0.099813,0E-38,0E-38,0E-38
2026-02-23 11:21:13+00:00,0x2f8077d85d9e536bccb2591898f57e9e24f0cc08664f9a9386064fb63a71941d,ARB,SOL,0.100000,0E-38,0E-38,0E-38
2026-02-23 11:13:44+00:00,0x10f2298499c15fef97c3fc71924e650320139a201cd8a70046d0b4cda1a8300c,ARB,SOL,0.100000,0E-38,0E-38,0E-38
2026-02-23 10:53:29+00:00,0x0c30e3246a9d31da170d080d66f3af851bf5bb9d35f6e163b486742cd5272abb,ARB,SOL,0.100000,0E-38,0E-38,0E-38
2026-02-23 03:08:12+00:00,4ccUBRwBqdY2gvURh3UrdvGu7BdNKREtc525Qco5FM2cnZsX4G6oiftt6nVvZajvx5GRGCzQxHvaftt6L9gCHwnm,SOL,ARB,1.000000,0E-38,0E-38,0E-38
2026-02-23 03:03:29+00:00,3AfqVnEFtZsA3hQXpDwF65goqKQttSFSTkfjrnjcS4Vqr5r5j9zcVtEJeNBpt8daMgKiWd1ZMndiEYtnyFm1Xsnd,SOL,ARB,1.000000,0E-38,0E-38,0E-38
2026-02-23 02:56:43+00:00,22eLuKhmaeZGsPrsGAKi8BA8hP6CzhVE2u4LcaL4JgMCmgEvfKho8ATGa4DPd7fjxi2SdMPrTxh32RDYu2Rnnuew,SOL,ARB,1.000000,0E-38,0E-38,0E-38
2026-02-23 02:51:28+00:00,2tFoJcCjfXfCQXDnjqeNVpXTsbLMrtDhntEM9mHZyb5xNsnjmPKXsEg7nfY3r49MHJDYMjR54MXM1Csp6yK4U7PH,SOL,ARB,1.000000,0E-38,0E-38,0E-38
2026-02-23 02:48:19+00:00,CxpYrLgMDz5NSE8Hgy6jJq66tDWdhVMTuJbTweCbXPpQFTdNh9seJs7a79PTRkJRpectsMMa8iRy9pFL8K2e79E,SOL,ARB,1.000000,0E-38,0E-38,0E-38
2026-02-23 02:43:43+00:00,552u39HMx6dtsLCBq3e9V2hsZb2SWJwe1F4XKfewiMR1GHNGzprqyxqGSyWiHxj848GstBDX1CSRSAvEGj9B6mVM,SOL,ARB,1.000000,0E-38,0E-38,0E-38
2026-02-23 02:14:31+00:00,2phrc5F7fMELQspz6z3vuphWaWVhTKtairszyfsfDAx1x3MF23LUAwHumVPiUcdX5RQpqs12q2uSvek9yMZexnyR,SOL,ARB,1.000000,0E-38,0E-38,0E-38
2026-02-20 19:44:49+00:00,0x51497f895b852d2bf21083313de1880fa0532f04136864f720817b1ebab5f768,BASE,OP,7.570000,0E-38,0E-38,0E-38
2026-02-20 19:44:09+00:00,0x27bfe225f3bc37a79a10ca7c0b10a4842b17e59e19558ddbe61d6ad615a590ee,BASE,OP,7.570000,0E-38,0E-38,0E-38
2026-02-19 06:06:12+00:00,4BR1GvR7DiMJeV8kc1euQU2HPn9PU1mPfELqyYhbLXGgwASzJTW5xdXR9BzAKrPDbLDskMxpiSQadznCh7n1JfeE,SOL,ETH,1.000000,0E-38,0E-38,0E-38
2026-02-19 05:48:01+00:00,0xf77a8f900f044282e9f271d3998b67e8d6bb5eaf65c0b36c9e579b6a2579119e,ARB,SOL,0.010000,0E-38,0E-38,0E-38
2026-02-19 05:38:14+00:00,0x831685e53a708ea1a9fc90957c09483b031f390bbff129434239c1a6faaf5808,ARB,SOL,0.010000,0E-38,0E-38,0E-38
2026-02-18 18:12:30+00:00,2qthP1W5znqkYRtgrLjRBQc1nwPSSPKhMm13T3PUsGppJozn5kpiCBqveXKmA4FdSc9zFujJbBqgWjSqXRD8KFwL,SOL,ETH,0.010000,0E-38,0E-38,0E-38
2026-02-18 18:01:47+00:00,5Y9kWRVwNYLTCJXJeVWQ37c4oqmcTab17L54my5eZaD9z8VBriP9io6BNtKbfEjtMkSMLto3uMV5Ws2sYhrbvY5x,SOL,ETH,0.010000,0E-38,0E-38,0E-38
2026-02-18 17:19:49+00:00,3jyRFKLsGSf42o8LMZbFyC43pW8FqSiQoXcBRaEGLQGj15eNKR826Lj82sxgqGhsSgyKHnmqiF2BWvJoHuUuSA4L,SOL,ETH,0.020000,0E-38,0E-38,0E-38
2026-02-18 16:56:19+00:00,vNLoLZLDEtfkCotFb39C9yNGex9yjvPqQ76HKmtdYMHXzc1TnS36NBs7eNQrZFechM1Aw6VQwMjfJ2ZELuT3DHE,SOL,ETH,0.020000,0E-38,0E-38,0E-38
2026-02-18 16:46:08+00:00,4uEtY9xmGKijAmUeYDns5FjmbBj31PySQRTQRcaPXiYaENJbUhE3ZoANy8KudEQeefUwwRVWHBsejszxAKfeEj5f,SOL,ETH,0.020000,0E-38,0E-38,0E-38
2026-02-18 15:07:11+00:00,0x1e1274af89f4609d3fb0681dd44c9e540a53b8aa185e36f19ccb228a0e0481d6,ETH,SOL,15.000000,0E-38,0E-38,0E-38
2026-02-17 19:43:59+00:00,0x85e1397e0a3bc2bb6f740f428bc7fd462d5cca80d5fb1e3b023cc93e207d5a30,ETH,SOL,0.291061,0E-38,0E-38,0E-38
2026-02-17 12:47:29+00:00,2Ki9hVFC5WxDXVqUHgxfrMuDpcv3nZbmCUcrsYicyispWcuq5KLqc7j75TkvSLVinTqKxF7Ziu9kddcYz5mRPT34,SOL,ETH,0.010000,0E-38,0E-38,0E-38
2026-02-16 22:39:23+00:00,0x9d38b1b0edfa89e1ab51c899af19ce8b472371ae6b183d309b6495a326f83837,BASE,SOL,0.222412,0E-38,0E-38,0E-38
2026-02-14 11:32:24+00:00,2bWujbvbvuDgD7BW6EqsyvmhPiEZrsE8DiXCVzct9N8XkryBFEM8SJrHkmrYPiX9xgFYNaBojFwFwgppiZv4URak,SOL,ARB,1.000000,0E-38,0E-38,0E-38
2026-02-13 19:30:23+00:00,0x09072d14e9e0e494405bde03d25fae56e1ab9d4b7a53fc4c427631a0a4a7b486,BASE,POLYGON,0.250000,0.01000000000000000020816681711721685133,0.00100000000000000088817841970012523234,0.00899999999999999931998839741709161899
2026-02-13 10:05:40+00:00,0x2356052e3c776cb017d512e8d7b486d513aaaf2c20f29e31bbbad8ca2ebe0243,ARB,SOL,2.000000,0E-38,0E-38,0E-38
2026-02-12 20:04:37+00:00,0xd185adae0ef9db313f609f7c4a6896c9e24f05688c05d7ddcfb485c9173eb29b,BASE,SOL,11.000000,0E-38,0E-38,0E-38
2026-02-12 19:59:13+00:00,0xd48c3ca194304c77ce2d64e19df5700a53f6ecea57d8e67ccacdb736d3844b9e,ARB,SOL,11.000000,0E-38,0E-38,0E-38
2026-02-11 15:50:36+00:00,0x6bb3cfc2044fe938df451aac04b6b4f68739062fe7381a2a9c4fee58e222019a,AVAX,POLYGON,15.000000,0E-38,0E-38,0E-38
2026-02-05 16:18:34+00:00,45Vb89fhZn1bHba7aEVRYRZZKrKsQ9PG1Z2BLjd4Wv38AhvKq3KMm3meKXdQJGEKpP76uqMT2wrG8LP4VLJeCJ28,SOL,ARB,0.010000,0E-38,0E-38,0E-38
2026-02-05 16:11:09+00:00,5fk2YyvNiyx84creZ2cZq3PiNfRDp9K7U4T2B523CfLt3U6rkWe2X7ivy2raGXnxoeZJtSntvCrdt8NmiNN9jaVP,SOL,ARB,0.010000,0E-38,0E-38,0E-38
2026-02-05 16:06:56+00:00,1HgSE3LMDwQPFPhZptLd8typuLhkSnzw8osSapemUKx415mU7Z1eGGmGYBcJkXkdAv4ypMLXDKyd3Ct24aReeCv,SOL,ARB,0.010000,0E-38,0E-38,0E-38
2026-02-05 11:12:38+00:00,2ozrPQ7fdrfdFwah2nTCWns9tSAXWMPc4eLTGVufaQz3Duxr8k6KJRCounxGe2FW66SWHEpFd6Kc7E6MwGCNFH3v,SOL,ARB,0.010000,0E-38,0E-38,0E-38
2026-02-05 10:59:47+00:00,fqAt2ZqE3AZQLkPuSXjkAYqCqY32WPxKB2SvHsTfNwdPgomRNWh7DnxZ1gpf6Vc3ZboPfzV6Quq3cpMjWtHjijC,SOL,OP,0.010000,0E-38,0E-38,0E-38
2026-02-04 11:35:43+00:00,4QR7uboc3s6rt8EX5i2vurRCS3hNawDoJ3Tgwfo1N2mFtf9UR7jHf7ZzeQMDiUXzstP52nkkWaugkaTpwEyQieyC,SOL,BASE,0.010000,0E-38,0E-38,0E-38
2026-02-04 11:10:03+00:00,5ZU1RzAZsUzAuDC8TwAXyv1RXH8Y7agvoCs1t2YS9mmCFKrveTw2qje4nNQZ3vLNSzodzSnk767F4hTDB93V3TmU,SOL,BASE,0.010000,0E-38,0E-38,0E-38
2026-02-03 04:05:47+00:00,0xcb84b7fa0666457e3f5d1e2e800f1f39d6e868e939c383e76cd2114d5afb52e2,ETH,SOL,3.000000,0E-38,0E-38,0E-38
2026-02-03 03:48:59+00:00,0xb997dd9686cb96ce65aee674b72dbab693681010c2eab0fad93e410d934d2edc,ETH,SOL,3.000000,0E-38,0E-38,0E-38
2026-02-03 03:27:47+00:00,0x7ab1baec01511c349c63670d6fc3365b806c812b88e47ff693e97d3673aeb86d,ETH,SOL,3.000000,0E-38,0E-38,0E-38
2026-02-02 16:26:35+00:00,0x07f82d4e4ed5bf3afd4bf334093a3c97702228a2cd27dc044366fad166716d80,ETH,SOL,3.000000,0E-38,0E-38,0E-38
2026-02-02 16:07:47+00:00,0xfab15ad5946b1736db1c8a2ae47f69b6b984f3d6a9adfe23ff506e4bd4d7843d,ETH,SOL,3.000000,0E-38,0E-38,0E-38
2026-02-02 11:57:47+00:00,0xb1286ce011f384f050edde81875f16b7fadabbbeee45116ed556870d85b7ce58,ETH,SOL,3.000000,0E-38,0E-38,0E-38
2026-01-31 03:13:59+00:00,8RZF1DT4vxNE788EE6F2th1muQUMWF2pbkUk9WT4shCA9ScugUti3WMrLU5tVy1D6R3g9LbDFpLVXiJvronP7VJ,SOL,AVAX,1.000000,0E-38,0E-38,0E-38
2026-01-31 03:12:55+00:00,5nvFEA628u2U97XoUxSNDHEs7mruoHRmXZBswEsf82tYTbKLZUXguFCJgrymMJUS11ki3YbTZzWzoqPxvmAdsAjQ,SOL,BASE,1.000000,0E-38,0E-38,0E-38
2026-01-30 18:54:25+00:00,YqBmmTDKrhkafXiEQcqjLDRMvp4wgj2x34DmDgc9wsVU8rjpR8pYpyEy9atUhGXuEPhNznGCxZGvMnpw8unrRTA,SOL,OP,1.000000,0E-38,0E-38,0E-38
2026-01-30 18:52:04+00:00,5gVGC5A5GEBp3KctQETT4nV2TcBGwXCVdh9vZMd8GQiCWtBKnoRqyrH4998x49fGArwW5Lp8E3Hx549NNDQWs7fQ,SOL,BASE,1.000000,0E-38,0E-38,0E-38
2026-01-30 01:51:35+00:00,0x3eb9245aa900c3d32b855be9a719ee74e79388a8442bbe0c05c4eebfc04a37f0,ETH,SOL,1.149690,0E-38,0E-38,0E-38
2026-01-29 12:40:19+00:00,2Uxjka9mE6trHCmcSbvkattZAF9xuvyjottDu3KKewvySStQ2a3v6svzscYVgaZPqSXuHWCBkPqRvxvXV2fwyMAK,SOL,ARB,0.010000,0E-38,0E-38,0E-38
2026-01-29 12:35:47+00:00,0x701f9b01c5ff41785b2bf5070b393d6d158e3a225ea1ea1be5a803556a66c54f,ARB,BASE,1.000000,0E-38,0E-38,0E-38
2026-01-29 07:25:00+00:00,0x7979f1e9cf40784c05944e91525281e62a3838690f44370f8494b7c24790c4ca,ARB,SOL,0.010000,0E-38,0E-38,0E-38
2026-01-28 23:27:53+00:00,0xe053c88b2bba10ed8fdf875960a00caf1a00a5313b35708363a0be37cdbfcc1f,BASE,POLYGON,1.340000,0E-38,0E-38,0E-38
2026-01-28 23:26:01+00:00,0xc5c639884e15222e93ef9339886f4050e0036691ecc9a870d9478ab9f15cc90e,BASE,POLYGON,1.340000,0E-38,0E-38,0E-38
2026-01-28 23:24:09+00:00,0xc0126f70ccf1081a41ae5e1626f79aee6e8b1f4bc16adca1e264ab815f15d0a1,BASE,POLYGON,1.340000,0E-38,0E-38,0E-38
2026-01-28 23:23:34+00:00,0x4f46e361a8cdc3203b391fc9703f0beb3c64dc52cc025cebc2ab4541d0a95cb4,ARB,ETH,2.226239,0E-38,0E-38,0E-38
2026-01-28 23:20:35+00:00,0xe4529a930ca99f52e0bb747b72afb70d05339e75480e646028933214fd3737db,BASE,POLYGON,1.340000,0E-38,0E-38,0E-38
2026-01-28 23:12:47+00:00,0x9ae8a7aabdcce5981af801b23c5d29ace7227a2d9ce127b11be211a7354ece6d,ETH,BASE,5.000000,0E-38,0E-38,0E-38
2026-01-28 22:46:57+00:00,0xcef42e34f390486b6a4bd86fba89370796de9190a423ed7106d621be7013bac2,BASE,POLYGON,3.320000,0E-38,0E-38,0E-38
2026-01-28 22:44:49+00:00,0x5f8d31a6b71c12158d222de0cd9c18c40a799155469d3532890db4a38e27b1bb,BASE,POLYGON,3.320000,0E-38,0E-38,0E-38
2026-01-28 22:41:47+00:00,0x371b2e6f9e349a581d06613ce6d60942a1c5fcf369c4e80c37d17839f05801b0,BASE,POLYGON,3.320000,0E-38,0E-38,0E-38
2026-01-28 22:33:59+00:00,0xd7683c217e18f3fa6c94ef3c2d147225c5bb20e67b95dbe57de6481241f14306,BASE,POLYGON,3.320000,0E-38,0E-38,0E-38
2026-01-28 22:30:39+00:00,0x91f09f9fae0851b49d0c414efdedfcbe410680525f600dc93293963f437b890c,BASE,POLYGON,3.320000,0E-38,0E-38,0E-38
2026-01-28 22:29:01+00:00,0x728ae14e1622f54a5615d7963009b020072c1cd3e45c744283b1bc4396116e85,BASE,ETH,7.290000,0E-38,0E-38,0E-38
2026-01-28 22:26:11+00:00,0x5b812978946bcd2eda2ddb16fade25077ebfe3de33266614b7c53e627846cd67,BASE,POLYGON,3.320000,0E-38,0E-38,0E-38
2026-01-28 22:25:37+00:00,0x35a0c7dcdfdfd25376827030b600da24ec426b13fb206ee7ec54054d97704033,BASE,ETH,7.290000,0E-38,0E-38,0E-38
2026-01-28 22:21:07+00:00,0x63efbb766f5078d93b930b5d98eb73013d8950baf85e24edcf260f6b89e0323e,BASE,ETH,7.290000,0E-38,0E-38,0E-38
2026-01-28 22:19:55+00:00,0xdf6305a864e9a69a2b8845cb4a70ac096fd9cd3b2bd8d14ab7ae901da4043aa8,BASE,ETH,7.290000,0E-38,0E-38,0E-38
2026-01-28 22:09:43+00:00,0xfa5bba0e4743db859db1d92268a0f797bb4f306fb876c6d3d9549d524459eda8,BASE,ETH,7.290000,0E-38,0E-38,0E-38
2026-01-28 22:07:43+00:00,0x6e3056a15b3a41d84e4ca8c713c4186d9dac890ce1e23cc34a1cde58a013ac77,BASE,ETH,7.290000,0E-38,0E-38,0E-38
2026-01-28 22:04:35+00:00,0x499785fcf4ab76dfe72d992087b63e0dc10d71916dcf5d256a1cc275925dc41e,BASE,POLYGON,3.320000,0E-38,0E-38,0E-38
2026-01-28 22:00:15+00:00,0xc6ae2ce2a172f8523adbfddb57bdb22d35afa33f6503f09a0f23eadbaf227860,BASE,POLYGON,3.320000,0E-38,0E-38,0E-38
2026-01-28 21:59:33+00:00,0xd3de8fb4922c33856a2de5c2480130d5a363ea2da13c2ffd76e4b36efc845471,BASE,ETH,7.290000,0E-38,0E-38,0E-38
2026-01-28 21:55:09+00:00,0x4c99af1fa826689c8bb1b62f0c7240aa5c2eda06f0e2a6a6f285dbb1f224394a,BASE,ETH,7.290000,0E-38,0E-38,0E-38
2026-01-28 21:54:09+00:00,0x7c83ad40a1fcf850e23ffba9e928fd62dd167f128eddabcc2e3c603f8c1a4b4a,BASE,ETH,7.290000,0E-38,0E-38,0E-38
2026-01-28 21:38:25+00:00,0x059ef5e2d75850ffb973dfd9da57c26af2bc637aed2bb2f4cf0b859761a7b5a5,AVAX,ETH,7.290000,0E-38,0E-38,0E-38
2026-01-28 21:33:13+00:00,0x649fad567608e5975503dd577b5ba7f8477d22ace9665a250d00a9d541d2c969,AVAX,ETH,7.290000,0E-38,0E-38,0E-38
2026-01-28 21:32:01+00:00,0xb64348931f551cfee18e97381edfe9488964c4c3f2c2f653c6fee4fd61585c4a,AVAX,ETH,7.290000,0E-38,0E-38,0E-38
2026-01-28 21:27:30+00:00,0x01f8fd37dfb9e9285d3daf7f72934a6ffda13ba7b04191dfc4ce32b726f08bb2,AVAX,ETH,7.290000,0E-38,0E-38,0E-38
2026-01-28 21:25:32+00:00,0x69c2d93bb1289864e097599569d8543556acda634312176a0026f3f8b412523f,AVAX,ETH,7.290000,0E-38,0E-38,0E-38
2026-01-28 21:22:00+00:00,0x6cb4529b6ea64076eb7f2681ac264714143c8516397149213cd64e17841f43df,AVAX,ETH,7.290000,0E-38,0E-38,0E-38
2026-01-28 21:19:34+00:00,0x6355e2d3d9df3d1c5bd5344c8900cdf127fe5924cb87d90c59ed0c3eff88646f,AVAX,ETH,7.290000,0E-38,0E-38,0E-38
2026-01-28 21:16:18+00:00,0xd81a105d207cdb5b77466a3f92ce3a48f9b2f3a947fd1ebdfb9fd8ad955ccd6f,AVAX,ETH,7.290000,0E-38,0E-38,0E-38
2026-01-28 21:14:23+00:00,0xf87afcb97bb5700e46b8a074485a7522217a00940a0438bc29b0d52303e9723f,AVAX,ETH,7.290000,0E-38,0E-38,0E-38
2026-01-28 21:12:28+00:00,0xd7b3e43ae01f3fe7ad506527257ccb1af0ed9105243433ac5ad1a1819f56f530,AVAX,ETH,7.290000,0E-38,0E-38,0E-38
2026-01-28 21:09:33+00:00,0x817f60f637f82e5bd1115ebdda7e297d1dfe2df9cfba0f5c8a2fc1a49bacd261,AVAX,ETH,7.290000,0E-38,0E-38,0E-38
2026-01-28 21:07:25+00:00,0x38325a513de0aad116fde715fc6041405b84057fec6535467220c5135c89679f,AVAX,ETH,7.290000,0E-38,0E-38,0E-38
2026-01-28 01:01:46+00:00,5EEV5cfdtg8MzbPBdFYqUTc1wCRUHUf84r6zdv5LrhH4n8ZStTKDMGFCbZAkyiVSMjYYS2xkGdsMcQy5u11tD1kw,SOL,MONAD,0.000100,0E-38,0E-38,0E-38
2026-01-27 23:10:11+00:00,2N7CWCBgsnKBV5pKy8yvVmMsqZRNWjcvqZPdY1vobHrieHLHEYGF1XKjLh68WCwLVRfyioKscPp1FYQaDvKwpo2S,SOL,MONAD,0.010000,0E-38,0E-38,0E-38
2026-01-26 13:58:12+00:00,0x36d2d51e159270c6c78a9642d727412c69ff37a62070ebaf7903036c089d6283,ARB,SOL,0.010000,0E-38,0E-38,0E-38
2026-01-26 13:47:52+00:00,0xbfe5cad65224d0f96e8d8c40133ee401c11da9f7da06f26c16269935d99941b9,ARB,SOL,0.010000,0E-38,0E-38,0E-38
2026-01-26 13:24:42+00:00,0x424729674e74bc9efb0b3b905f8e0ddb0302916b43c5917ca75d30fa6b24057a,ARB,SOL,0.010000,0E-38,0E-38,0E-38
2026-01-26 13:13:21+00:00,0x4523e9f6db95e635769bd93dc701a063eb9bd77a04a8def48e457b6eb657b787,ARB,SOL,0.010000,0E-38,0E-38,0E-38
2026-01-26 12:17:54+00:00,0xbd55bea9846ff0d424eefc89bcaa12c81dc61327319abd34006fd485e9c12b7a,ARB,SOL,0.010000,0E-38,0E-38,0E-38
2026-01-26 10:32:10+00:00,0xcb528487858877c48a24b10818bd75b227356baba69a139b28de54a16c6b1763,ARB,SOL,0.020000,0E-38,0E-38,0E-38
2026-01-26 04:55:15+00:00,0x608cd6104acd0029b58639e1810a449d1dee1f0238d311a815d2afc86a1be416,BASE,SOL,0.010000,0E-38,0E-38,0E-38
2026-01-25 20:40:47+00:00,0xaaf0ee0266b374f556e0666f3fd00c44e523c0f680440c4d69717ccbb62c03ff,ETH,SOL,2.549181,0E-38,0E-38,0E-38
2026-01-25 19:39:11+00:00,0xc7df19c0b69a449a7479a23f3cf043e39c83c9eff162c921a061e616dfc103b8,ETH,SOL,1.049948,0E-38,0E-38,0E-38
2026-01-22 16:11:26+00:00,0x70da5479e5a683a6ae6cdd163c1f55fca151a0e8c3dbbbc0cde6028ecfc72a9e,POLYGON,SOL,0.480000,0E-38,0E-38,0E-38
2026-01-21 21:03:14+00:00,0xe1f4340741491fbacee4610abd7774f3beb4f3bdffa988891820f58eea2dce4b,ARB,SOL,155.893565,0E-38,0E-38,0E-38
2026-01-21 18:53:17+00:00,qszzGdHLpK1r1nSnJtr3NBngRAySdymxc72ESc4ZY9ZL2byB7NUGwZZuk8Uv7srR2wjQbVZQZgb6e2yEY93y6UW,SOL,ARB,0.001108,0E-38,0E-38,0E-38
2026-01-21 18:24:21+00:00,4aePMKzHv47y1LH8S71NWecVrtQXaWVtokyEbDWZmPtqBYB8X2wGLCAYmneM9a8PgmsgtLDLKLBSj4QTucVbhmQA,SOL,ARB,0.000945,0E-38,0E-38,0E-38
2026-01-21 17:24:59+00:00,0x8a437698048c278d2f79c886d5c4295636ba2b9f85f64154609fe9f298049123,ETH,SOL,3.598952,0E-38,0E-38,0E-38
2026-01-21 01:28:41+00:00,0x5b48790d48871288356b3136fea9c1f9ca9ba9983c567b52aac533eea69e98b6,BASE,SOL,0.001000,0E-38,0E-38,0E-38
2026-01-21 01:19:35+00:00,0x2d7510cd9fea6ab85315482c81f89492afc2042c4dfb8948bf6697a5c08da697,BASE,SOL,0.001000,0E-38,0E-38,0E-38
2026-01-21 01:16:39+00:00,0x3f2aa506d15f0a8c289487a41f20b4ed3492c2db8576da7ccfa01223bd0c6a94,BASE,SOL,0.001000,0E-38,0E-38,0E-38
2026-01-21 01:11:07+00:00,0x7efee18a2ede2acf62e65ad224749b7174120f392553ac366f8cda33600e5ad4,BASE,SOL,0.001000,0E-38,0E-38,0E-38
2026-01-21 01:06:25+00:00,0x97dc73e02f9449148f3ae0f08fe4047fe38aa113501105f65895b35d8a3f7cc8,BASE,SOL,0.001000,0E-38,0E-38,0E-38
2026-01-21 01:04:39+00:00,0x1f4021fc7f3197eadc4b671a2f87742a18e0d43a8f5e0e8f095189c0984d50c8,BASE,SOL,0.001000,0E-38,0E-38,0E-38
2026-01-21 00:29:11+00:00,0xd6742b2d8d7c085e1bb99483433cefc8a0cc821730dbe4131cb1b008508f572b,BASE,SOL,0.001000,0E-38,0E-38,0E-38
2026-01-21 00:16:27+00:00,0xe41c9591e4c46912008df75facfce3bd4f90676367b58362083818f88d258d5e,BASE,SOL,0.001000,0E-38,0E-38,0E-38
2026-01-20 23:21:21+00:00,0xc942c4c1ca319493231770c36fe75d7f308766f2eac627440d6a5a9da509e0db,BASE,SOL,0.001000,0E-38,0E-38,0E-38
2026-01-20 23:20:25+00:00,0x34b5ffa4562d46bacd30c4fc73c3364df053cf034206c447e5f77845cbc37cb5,BASE,SOL,0.001000,0E-38,0E-38,0E-38
2026-01-20 23:14:47+00:00,0x82e8d22a0522388ae2133f39658344b69ce69436b6926542fdda2e9e22ed6489,BASE,SOL,0.001000,0E-38,0E-38,0E-38
2026-01-20 23:13:23+00:00,0xd18518eaea7130424e714bd0b71f6ce6e334cd2416a5dc01748d6e14ea9c04d2,BASE,SOL,0.001000,0E-38,0E-38,0E-38
2026-01-20 23:11:59+00:00,0x74185f79461c47300d9137072352ca08d9ef7def575b11a4cb722249ddfc47fc,BASE,SOL,0.001000,0E-38,0E-38,0E-38
2026-01-20 23:10:53+00:00,0xf01fc6b19a3d4a63271ce7337e29e0ac6888b284e7afa15aed30f552abfd1883,BASE,SOL,0.001000,0E-38,0E-38,0E-38
2026-01-20 23:09:55+00:00,0x4a5ec6b1c1844a530a7ef02c6b804cf1ce6cf977c5752ba8fc9b8a61cb6665a8,BASE,SOL,0.001000,0E-38,0E-38,0E-38
2026-01-20 23:08:55+00:00,0xebb8a9b8141e3555feb729b150594370d6f71cc3f47bab381e3c7b796c49683e,BASE,SOL,0.001000,0E-38,0E-38,0E-38
2026-01-20 23:06:41+00:00,0x969ed278f23be04b48d5cec4353baf60160c900b8c28b54eec33a78be6ddefff,BASE,SOL,0.001000,0E-38,0E-38,0E-38
2026-01-20 23:05:55+00:00,0xc866c1b40ca627052e31bb43cd1576f66d58b7ae0c854264d6fbb0af8eecd9b0,BASE,SOL,0.001000,0E-38,0E-38,0E-38
2026-01-20 23:04:29+00:00,0x5b21d52323743642a3ad30be9f0a8436aa80ad9e3b8bf2434d13e16bd904c2e3,BASE,SOL,0.001000,0E-38,0E-38,0E-38
2026-01-20 23:02:59+00:00,0x06e5507d6d9453943b3a71de9582d6689efaf3a6f8401cbb159b0b3372962685,ETH,SOL,0.001000,0E-38,0E-38,0E-38
2026-01-20 22:59:59+00:00,0xef0e59d2a27af87695829087c014920b38a8f505bafb285c722517ff53a09b10,ETH,SOL,0.001000,0E-38,0E-38,0E-38
2026-01-20 22:57:59+00:00,0xbc1fdffcaa4943ea4ad8edc83c4be12c170ef18687e53768e0abb9bbcc7fe227,ETH,SOL,0.001000,0E-38,0E-38,0E-38
2026-01-20 22:55:23+00:00,0x95fc38418f4b4a2b888318a5e63e0c0564df07b50246174ff964584eb16cf2f0,ETH,SOL,0.001000,0E-38,0E-38,0E-38
2026-01-20 22:52:11+00:00,0xe907cd3c72cbb511bf08f56f9788112fe34da9a924257b73242f00b1bd18c16e,ETH,SOL,0.001000,0E-38,0E-38,0E-38
2026-01-20 22:48:59+00:00,0xfb435b3fea18d41368422a5dc724259dd4f3f0545c19a29be452ab791ad2dd1b,ETH,SOL,0.001000,0E-38,0E-38,0E-38
2026-01-20 22:47:35+00:00,0xf705e6c8d3245ea2dcf5b1c535a103b22b92195a7fac4454177854b4813db6ea,ETH,SOL,0.010000,0E-38,0E-38,0E-38
2026-01-20 22:46:23+00:00,0x567b8515edbfa8878124659dc427a74e288aa37c51bec4b3972781c212a6b304,ETH,SOL,0.001000,0E-38,0E-38,0E-38
2026-01-20 22:45:35+00:00,0x7bc5bbb792aec3bf78bbb45d24443d597b4c8f5451548c5f5e5cc04b68a01342,ETH,SOL,0.010000,0E-38,0E-38,0E-38
2026-01-20 22:44:11+00:00,0x8e28bc0219e4dc621ff688e381854a0ff4e98d413e5f5b870dde8fc4f4196ae7,ETH,SOL,0.010000,0E-38,0E-38,0E-38
2026-01-20 22:41:23+00:00,0x44a7aaeb5eacb8ef6e358c1a8ab249bc7437290d9c4071fd209b70eb9acd9384,ETH,SOL,0.001000,0E-38,0E-38,0E-38
2026-01-20 22:32:35+00:00,0x34d5e3f37523f44fc556ccd0e63b3555a3da617b19b700466b35618082b574c5,ETH,SOL,0.001000,0E-38,0E-38,0E-38
2026-01-20 22:32:29+00:00,0xd9e256653ae4546d12bd2d8b3db35072fc5e474af17a719895b44c05ab271521,BASE,SOL,0.010000,0E-38,0E-38,0E-38
2026-01-20 22:30:47+00:00,0x492ab5963d6cd9396d5ee307d0540933edf6d1c6a50d9357d42fe959b9c6b1b2,ETH,SOL,0.001000,0E-38,0E-38,0E-38
2026-01-20 22:30:19+00:00,0x312d23fc7f8d78221bba18f46eed6ade33d5de97a9a8c7441205097281c37675,BASE,SOL,0.010000,0E-38,0E-38,0E-38
2026-01-20 22:26:11+00:00,0x55f4af8f09df7c15e7013de99c9b0e3d95577dbd1cbcadd8aab099bbc2f72b04,ETH,SOL,0.001000,0E-38,0E-38,0E-38
2026-01-20 22:25:49+00:00,0x774b121ba4ec3b8424fdb2a32703e4ce2901aa29ee94914eb1ca3289a1f6cc95,BASE,SOL,0.010000,0E-38,0E-38,0E-38
2026-01-20 22:24:35+00:00,0x715dd57ca35dbc1ebf682e481aded845333c3fbebbb274634039434f645d247a,ETH,SOL,0.001000,0E-38,0E-38,0E-38
2026-01-20 22:22:59+00:00,0xfad1ad06e5e6a222d1cd0dde49365892afb8a16165e79c353a549f2ccefa01d5,BASE,SOL,0.010000,0E-38,0E-38,0E-38
2026-01-20 22:11:47+00:00,0x3fed02f11a05027e0182f61b735677804d42eb9069c858019edc7d54107b473f,BASE,SOL,0.010000,0E-38,0E-38,0E-38
2026-01-20 22:07:35+00:00,0xfe06cd50d67b500f57d46ab283ffef4eb808e649a2ac342e8b997d6f09d7d02c,ETH,SOL,0.001000,0E-38,0E-38,0E-38
2026-01-20 21:54:35+00:00,0xa59c85fde7d1902b1a0561b6cb47efe3e4e4b8697208dcd7084b24dc3ebdbcea,ETH,SOL,0.001000,0E-38,0E-38,0E-38
2026-01-20 13:42:35+00:00,0x7369e942fddbe5a0e4e7a2d2a349ee3e65fe2e1a9c86de794f4e8a60a44a2ef7,ETH,SOL,3.973133,0E-38,0E-38,0E-38
2026-01-19 01:59:23+00:00,0x6b956db268d5ce73f545d62731193a18c68bcb668f556353cd830434cdc7c4cb,ETH,SOL,4.635796,0E-38,0E-38,0E-38
2026-01-18 12:51:55+00:00,tmbUf9CQJGPkisoZZcEiLrFj3okjnTYPGD71uLFx2FVAnKcRqQvngrZX8zGdGh8eBibYb8Y9uStnrqgGcME4qYx,SOL,ETH,0.010000,0.00010000000000000000479217360238592960,0.00000999999999999999912396464463171242,0.00009000000000000000566820895775421718
2026-01-18 12:49:55+00:00,3z3fVzaqoDT1CZe35X1pox9pP8JAatCya5SQRbfJ2FcM8A9WCZJx38zwwSjcDbtwNBjDsy1MGZzWoCc9ExsHzYnQ,SOL,ETH,0.010000,0.00010000000000000000479217360238592960,0.00000999999999999999912396464463171242,0.00009000000000000000566820895775421718
2026-01-18 12:43:24+00:00,4ewB8vuyLqZpAPoVeKTtDyM7VQzR8ArWet6Hh3pfT1EqwLfhLqh4t4ty7vXjTV5B1WxSRTEpahtZiMTKpXYRzYT6,SOL,ETH,0.010000,0.00010000000000000000479217360238592960,0.00000999999999999999912396464463171242,0.00009000000000000000566820895775421718
2026-01-18 12:39:17+00:00,5xjihD8x3SRZUNAWqSweaMUWAp4ameBzDrJgW9WGupUxEttL9u3k3JSGuhQGHDSvLJY2vZmSdaxxDnyNybvC6GuK,SOL,ETH,0.010000,0.00010000000000000000479217360238592960,0.00000999999999999999912396464463171242,0.00009000000000000000566820895775421718
2026-01-16 10:59:10+00:00,2dYYH7eXs7QyN8jSbPFBsuhgTziQY3PHHBt7spAbNMWFG9FXFC7xGSo22eTKv7D2EZ7is9ASpGZGnhLVS7Uh6suJ,SOL,ETH,0.010000,0.00010000000000000000479217360238592960,0.00000999999999999999912396464463171242,0.00009000000000000000566820895775421718
2026-01-16 04:03:57+00:00,0xcabcacb77269ab0189d706c55e9d3398e8250481febeea7a6a3c7d2e038296ef,BASE,SOL,2.988400,0E-38,0E-38,0E-38
2026-01-15 20:11:45+00:00,0xa479ea8ef646a2318b3e77a8647ec1df3931d4f238c7cedddafbd9add4e79bb1,BASE,SOL,0.010000,0E-38,0E-38,0E-38
2026-01-15 18:21:06+00:00,0x575a7546fb277bb16994b97e60325aa126c26fff7f3de08ee9d5d6113c31a1b0,HYPEREVM,SOL,0.010000,0E-38,0E-38,0E-38
2026-01-15 18:19:41+00:00,0xb897549cddaa7fc3e17a461fb8a71f793a10828af857114f1e2b22adba88cbe1,BASE,SOL,1.000000,0E-38,0E-38,0E-38
2026-01-15 18:17:39+00:00,0xa740957117930540fcc799caa4331f6901aec1f8606d0e89657bf2844bab84fa,BASE,SOL,2.000000,0E-38,0E-38,0E-38
2026-01-15 16:27:04+00:00,5SoycKVyPpfkqribz9CEGL8VVtqGZMJuMpk8CSbmyiiH2bjo9pvDKH6uVwwJYeBFVuMwKbgSYNB5xgveRnub2iUa,SOL,ARB,10.000000,0E-38,0E-38,0E-38
2026-01-15 16:26:11+00:00,58JRgXQpYfqTcCCSACqKwjkndZZajf3DVBHPVQmDPUAk3nyi8iygYPNa6vX2dTz1qFjBjEV1aDZmYPnj1fttdt8L,SOL,ARB,10.000000,0E-38,0E-38,0E-38
2026-01-15 10:30:39+00:00,0x7573828afd6d05987f7f8c3c445cb21a82cd9a33c0393e261b95811341fc5210,ARB,SOL,0.020000,0E-38,0E-38,0E-38
2026-01-14 18:39:41+00:00,47ZEi4m9qYSEzbDABkGUn2huoM6rmTy45H9vXP3JyxinnYaWjTvuWY8kUk8ZbtzMbqjB2cZoDRkhNkE8cCsPv2Hb,SOL,BASE,2.000000,0E-38,0E-38,0E-38
2026-01-13 20:34:51+00:00,0x37df76c904a3e6bec78c711e672784dfb8775f4fb1bc9a2aeff7702279b4b6d1,HYPEREVM,SOL,5.000000,0E-38,0E-38,0E-38
2026-01-13 18:51:59+00:00,0xdee7518a888e4eb5366c62d270d923f9fb37a65a5c5ea0797cdf4b6e38003c09,ETH,SOL,1.276022,0E-38,0E-38,0E-38
2026-01-13 16:10:35+00:00,0xececd5f0ff6e687efab69e265ac07154482dde14743cea1463c573177c1aacd5,ETH,SOL,0.010000,0E-38,0E-38,0E-38
2026-01-13 13:42:18+00:00,0x3a21299476782120c213cbed133b28e49d017d1575476e729d117238b001e2c4,HYPEREVM,SOL,0.010000,0E-38,0E-38,0E-38
2026-01-13 12:55:47+00:00,0xbb531b4ac54403bfa4451214dbdf0a4e79bd6d8dfb2bb7624ed44fd145eaeade,ETH,SOL,0.010000,0E-38,0E-38,0E-38
2026-01-13 12:53:35+00:00,0x792aa7cc40dc45d8e27a80e59e8cb8f24ce11f9059b0e35a9630aebe63aa5e0b,ETH,SOL,0.010000,0E-38,0E-38,0E-38
2026-01-13 12:45:35+00:00,0x2d0094708a12e38181a6e7c1cb213036cf7fe67bf683f432c143e02cc77b9ffa,ETH,SOL,0.010000,0E-38,0E-38,0E-38
2026-01-13 12:42:11+00:00,0xb5d505c9e4431e23c403f6a53bb74f28d85251a52a171567dcf06d8489daaf94,ETH,SOL,0.010000,0E-38,0E-38,0E-38
2026-01-13 12:38:23+00:00,0xbec90802e9d746be0756ae2ec8fdca5d28d646faaadf61a2f933bb619100b950,ETH,SOL,0.010000,0E-38,0E-38,0E-38
2026-01-13 12:30:59+00:00,0x4df37f51856bfaae37e3c1fc7f60be7300dba28e18d32e33f6318e871a220596,ARB,SOL,0.010000,0E-38,0E-38,0E-38
2026-01-13 12:16:35+00:00,0x12c2e91e3a2653fbbf2c728c589e1baab9d638872a47a0bb7dc47f3528d9f5ef,ETH,SOL,0.010000,0E-38,0E-38,0E-38
2026-01-13 12:11:35+00:00,0x7afb08907d5c0c4d334c82dd028ea06b55321c0e107b69f0e31909ff9d607e99,ETH,SOL,0.010000,0E-38,0E-38,0E-38
2026-01-13 12:02:47+00:00,0x6607f026f9ffafa5a7a61260bad108359b252e2a04f803191e2c1adb679cf8c3,ETH,SOL,0.010000,0E-38,0E-38,0E-38
2026-01-13 12:00:11+00:00,0x3953c5eb03faef49fc051b4509562b1581bf19682a4a5eb6ef68d3bea294d204,ETH,SOL,0.010000,0E-38,0E-38,0E-38
2026-01-13 11:56:47+00:00,0x00a5ec5a743ccb7da4b586ce96e7ae2afbe2db974648e65a2e83914767f17d50,ETH,SOL,0.010000,0E-38,0E-38,0E-38
2026-01-13 11:54:47+00:00,0x527f6e7225318685bf6575f1cacf54d119dc3578e3049ba1be5c83dee6fd4ee9,ETH,SOL,0.010000,0E-38,0E-38,0E-38
2026-01-13 11:53:35+00:00,0xdac2934cdb55feb5394e8c7de92088311c68feb2a90440185f92412d7e230d0f,ETH,SOL,0.010000,0E-38,0E-38,0E-38
2026-01-13 11:43:48+00:00,0x07f5dd9eba0f894c42fd4a7685b9d5e566c041761446828d43609f0d444fdec8,ARB,SOL,0.010000,0E-38,0E-38,0E-38
2026-01-13 10:52:59+00:00,0x23bf77f136130e3c4b970b0237c1c4d87348743857a23aa2cbf218178a6e6a30,ETH,SOL,0.010000,0E-38,0E-38,0E-38
2026-01-13 10:49:35+00:00,0x8a4e1ae7f788748fd198706ef7dbaca854cd19ab5ed51058ac4780bb5496353d,ETH,SOL,0.010000,0E-38,0E-38,0E-38
2026-01-13 10:47:35+00:00,0xfa815955b08966f1a16c99e857aa99c97ede846e92582c7c0cd0047f97fc2a40,ETH,SOL,0.010000,0E-38,0E-38,0E-38
2026-01-13 10:43:59+00:00,0xf25835a767705f5c57909f5cf319b605ffc65e93a93fd260826abdf43cdae6be,ETH,SOL,0.010000,0E-38,0E-38,0E-38
2026-01-13 10:40:23+00:00,0x49cc94cc659393158ced7c2161bec21776fd51ee0b12480f050682a7a041a205,ETH,SOL,0.010000,0E-38,0E-38,0E-38
2026-01-13 10:37:59+00:00,0xc9135d7b1ac9e6f164c998f3ca3d775cf6a178e7764ed08cfab89d969c95dcbf,ETH,SOL,0.010000,0E-38,0E-38,0E-38
2026-01-13 10:12:59+00:00,0x82c9f3dfebfa2bf06873c34980b2f34af40f73751945823e746d3b802db6cd5c,ETH,SOL,0.010000,0E-38,0E-38,0E-38
2026-01-12 20:01:59+00:00,0x39b8864256b85673fa0a16433846cf15f35e4126466404dd22db8232f1d58365,ETH,SOL,0.010000,0E-38,0E-38,0E-38
2026-01-12 19:57:47+00:00,0xce0ece4d608ab2bdc855df5936ea9c2adb48e20f64ec60aec42d3ed72650f557,ETH,SOL,0.010000,0E-38,0E-38,0E-38
2026-01-12 19:55:11+00:00,0x6d9e5dc71c1de6f039a9fdf8c8d80f36ebc44a1968df8992e715bd46b6514a90,ETH,SOL,0.010000,0E-38,0E-38,0E-38
2026-01-12 19:51:59+00:00,0x9f9806cc8c36e98681cb9af4bb6a9d4c1dfa62f780c3fb14da53e427bda2b0f6,ETH,SOL,0.010000,0E-38,0E-38,0E-38
2026-01-12 19:50:23+00:00,0x0892015f172eca9cfb812f7b5647a2f49741db825d3071cd7ddbc719cb568487,ETH,SOL,0.010000,0E-38,0E-38,0E-38
2026-01-12 19:48:35+00:00,0xb67fe249b2a5ef8402264c603c712d5dd228888d6287eab7b66b08cc0802f32b,ETH,SOL,0.010000,0E-38,0E-38,0E-38
2026-01-12 19:47:11+00:00,0xe13e6e966169f06097f95d1423cbf0b866b526bfbfc95aa0ecc9de8fff2a2fe6,ETH,SOL,0.010000,0E-38,0E-38,0E-38
2026-01-12 19:45:35+00:00,0x798c2edbf1d6a39aaf437709c371ac80de6ea3f5ad269d9d913ab2ccc8e46ea5,ETH,SOL,0.010000,0E-38,0E-38,0E-38
2026-01-12 19:43:35+00:00,0x9cdbae366a4371e5a8f1b30c9d7095704cf5418a796a5f57737841b2a5877408,ETH,SOL,0.010000,0E-38,0E-38,0E-38
2026-01-12 19:41:11+00:00,0xbe534554ece59d2ffc31012e0f7cb5ab4390727338540c14433a7e60724c7b62,ETH,SOL,0.010000,0E-38,0E-38,0E-38
2026-01-12 19:38:47+00:00,0x4d4bff8536e19493b2c38706d283aa4bba7dc47f80559d2918c0d1ec0e124a85,ETH,SOL,0.010000,0E-38,0E-38,0E-38
2026-01-12 19:35:47+00:00,0x05a680b1b09a6cd8d0a4c66d1895c8306862a6765f345560e7bd93597d6cf05d,ETH,SOL,0.010000,0E-38,0E-38,0E-38
2026-01-12 19:31:11+00:00,0x06ed56533948aa4b04d66edc04f5a7f09638135f32658bdcfe5580020bc0e700,ETH,SOL,0.010000,0E-38,0E-38,0E-38
2026-01-12 19:04:47+00:00,0x43d4c4c5d78dd5ed7a396751b9f6719b310c6e1ecbcb78e98339d4a3f1710eb5,ETH,SOL,0.010000,0E-38,0E-38,0E-38
2026-01-12 18:43:59+00:00,0x14cb3a71f4cea070d40d1ef15ec7e77da80214b249cd54d8751fd187662e8acf,ETH,SOL,0.010000,0E-38,0E-38,0E-38
2026-01-12 18:36:59+00:00,0xb2816f11480e5cae4612e7f0d6cb3e2df009ef0660c31819607e0380dc33832a,ETH,SOL,0.010000,0E-38,0E-38,0E-38
2026-01-12 18:29:23+00:00,0x0ea21cb324bf4a5c812cbc0a40a90e928a6a9c180824ec10c724b281e2874898,ETH,SOL,0.010000,0E-38,0E-38,0E-38
2026-01-12 18:26:35+00:00,0x9023910ac2c5f1645298a6275d0f0606c77ea56ee7b8bdb6dd5ab839af22ba26,ETH,SOL,0.010000,0E-38,0E-38,0E-38
2026-01-12 18:24:23+00:00,0x3e1508d4cb6f602f21ef40a3fa0f73f197fe5e770c325ed2f3fa47040ef73bb4,ETH,SOL,0.010000,0E-38,0E-38,0E-38
2026-01-12 18:15:59+00:00,0xcb3029bfeb82878725e28a332e9b523902b4383969e1d21d7f50c95f6362c59e,ETH,SOL,0.010000,0E-38,0E-38,0E-38
2026-01-12 18:14:35+00:00,0xc773db9d0ad0b8f56bce099066c752e86801e7d1ff842cb692de0188d5e67c31,ETH,SOL,0.100000,0E-38,0E-38,0E-38
2026-01-12 17:58:23+00:00,0x92e552e82d9be915be06301d3f327c9374160e9038eefa2aa3a3480cd171542b,ETH,SOL,1.000000,0E-38,0E-38,0E-38
2026-01-12 17:55:59+00:00,0x35005c70a45cdde785be1c0e1fe671da9a0aabf24947e654e42293f6879f36cf,ETH,SOL,0.000100,0E-38,0E-38,0E-38
2026-01-12 17:53:23+00:00,0x51590e4bf5da15c792ea0b00ac0e7f2510bbb6eda11a23f43fbbb3ee9a80dfbc,ETH,SOL,0.010000,0E-38,0E-38,0E-38
2026-01-12 17:42:59+00:00,0x096300dc416e9c365e343ea7cb6373592fdbd82c1392c0395e89d20196c571e1,ETH,SOL,0.010000,0E-38,0E-38,0E-38
2026-01-12 17:16:59+00:00,0x36cb7f4d0c836f3178f6b7ccf358331bec2559564a18a38dc437dc31b3220760,ETH,SOL,0.010000,0E-38,0E-38,0E-38
2026-01-12 17:06:23+00:00,0x93bd17e4fc1cb34d5869aea029e0d3599ddc6fe7627ada77c794196fc871da41,ETH,SOL,0.010000,0E-38,0E-38,0E-38
2026-01-12 06:22:05+00:00,0x82803ad34383fe219b6976f718806d43edd07b49deb1ce7f0ebbdcd13e57df9d,OP,SOL,0.100000,0E-38,0E-38,0E-38
2026-01-11 19:58:30+00:00,0x26c4b6411bec659abf72cf876f47149387d8c10a714b2dc4f36a7d17dc7e94f6,AVAX,SOL,10.000000,0E-38,0E-38,0E-38
2026-01-10 13:05:29+00:00,0xae719cf2e2a7bfcafc00713fa2dc80f6f1934ab9db1f032db55a1b7769a1839d,ARB,SOL,1.000000,0E-38,0E-38,0E-38
2026-01-10 12:29:02+00:00,0x9286140b071337e2757afcb6d1b0820f5459031f33e056c4d09946817c2e0be7,ARB,SOL,1.000000,0E-38,0E-38,0E-38
2026-01-09 18:07:59+00:00,0xcd60af427160e32c3ff5e3d714496909bc9810aa1d5685f226505ceff67b3117,ETH,SOL,0.000010,0E-38,0E-38,0E-38
2026-01-09 18:01:47+00:00,0x2784ed7a6c7bfd2f932f8fd0df3925da5476a80fc3aef863665ad529d329942a,ETH,SOL,0.010000,0E-38,0E-38,0E-38
2026-01-09 12:35:58+00:00,3vmBocWYXWapM8Y9B3yAAbSTSAKtCL4euEFNXq1b5nrcWHWcFe6BnDk3ezxABzeihBpJaXsNMgvf5zh3BE3VYCFv,SOL,BASE,0.010000,0E-38,0E-38,0E-38
2026-01-09 12:09:36+00:00,49fU1GS1aGGAHGWHBy6ZoqTf2G97anKM5RQLpJ2CRdAwSeUkoBU2DFjLzWi9Q4ca8iJsvMrLotHDANciiBhUuc6r,SOL,ARB,0.010000,0E-38,0E-38,0E-38
2026-01-08 20:42:53+00:00,0x87e99c41a8a20da8789be7f60d0ebac7c24f78b099e0d5ddd4a84e9cc419585a,ARB,BASE,0.050000,0E-38,0E-38,0E-38
2026-01-08 20:39:22+00:00,0xb3ea8082c7098ba2e771df964b05e5a6e0e3f7a81f5a7b58217d37a2b68a6ef6,ARB,BASE,0.050000,0E-38,0E-38,0E-38
2026-01-08 16:42:35+00:00,0x390bc714b6ba45bb9254ad012cb1b012238c4f8bf604efd2005c451a47d992b3,ARB,SOL,1.000000,0E-38,0E-38,0E-38
2026-01-08 16:26:25+00:00,0x8252cf77118cc4a2e2fc54323b58eaeaea2581686091e486f179fb0f6cb05b79,ARB,SOL,1.000000,0E-38,0E-38,0E-38
2026-01-08 16:19:41+00:00,0xa0c9114d00e24cc8b476a0fd9e61de9d232b1c5c8a252a60c0fb50fb5650e729,ARB,SOL,3.000000,0E-38,0E-38,0E-38
2026-01-08 12:25:40+00:00,GqnYvFUCwCgZWxqqvrMNysqj7BwLNgiCnpbQ4oorBC1qJH3G1bRY7ZMqWxLZBsEA47M82Esf8FdUkYqqwrfufPG,SOL,ETH,0.001000,0E-38,0E-38,0E-38
2026-01-08 12:01:53+00:00,gD9nbnANpvA6vU8rnZ3HUydQsGe1pVckei7JW43BskEwYeGNSUWVDn6pSi7MfnpuYsWJTAXu4zExNbVZ4hSkxhm,SOL,ARB,0.001000,0E-38,0E-38,0E-38
2026-01-08 11:37:14+00:00,3qFC9Q9UQDydfo4ThUDZ2vi3tm2JzknVkPTriio8591oypzp2AtrL3MHdSo88yUXcBTuATz3WepevJ1JeEvmFxx7,SOL,ETH,0.010000,0E-38,0E-38,0E-38
2026-01-08 10:52:14+00:00,4jay389nfAxCaRXwdL9zEaP6HVgcYrtK6TW7tAuWEkavxqHSCHTqAkRb23de2XsDD5HdCiaRi8MYst3e94vZe2hk,SOL,ETH,0.010000,0E-38,0E-38,0E-38
2026-01-08 10:38:02+00:00,4EmD2FnM9GezE8Gia8TJRbaTLoz7zKAcQBEL5YWyV3oonAtrzwp8uGadJvEHGFsres4ehAUbPB3ULJoxvc6Yzxcf,SOL,ETH,0.100000,0E-38,0E-38,0E-38
2026-01-08 10:34:49+00:00,38ViXDwixcFmrBECT9cLeH8V2ydueEbWkrHqHC2mnhv79Sng6dDRheR2HNMZ65RQeVja3CTMHpgutdGbxHj7tkq4,SOL,ETH,1.000000,0E-38,0E-38,0E-38
2026-01-08 10:01:16+00:00,4WuG3kZ2AVe2KvexZPLjghnsfauj2ZG3Gwgjp4tvDbqTHQCzsZZrkhrEGb3xHTR1hP45bEQbDiyCf5yJn3R5xDoH,SOL,ARB,0.500000,0E-38,0E-38,0E-38
2026-01-08 08:31:41+00:00,0xb5ab5fa65f46e571a100f35607939244d5c1a38e7f666e15656dd45e15c7e415,POLYGON,ETH,1.000000,0E-38,0E-38,0E-38
2026-01-07 17:09:46+00:00,2PoJrm1jqaY3VaqSps25uYcWcxLfrm8BeyVMDMcVdSExFk4sLyExBDhWpaysEdKckQeYfxxTqDJ6F9bnMB7PniMK,SOL,BASE,0.999000,0E-38,0E-38,0E-38
2026-01-05 17:11:45+00:00,0x20efa134c2638e01a7c011b7da8c0caeeb26cec2c31a11743b9f62e4760578b7,BASE,OP,0.100000,0E-38,0E-38,0E-38
2025-12-31 21:23:27+00:00,0xdd645b1066d5596fc9a78b7f018e68f6d76cf4415868af5070ead0749690efb2,ARB,SOL,5.000000,0E-38,0E-38,0E-38
2025-12-31 06:55:28+00:00,0x7e08aa2aa257f96f2ee338b5f1b5a15f81e6394c36507e55fa8abdd47f5337cf,ARB,POLYGON,197.000000,0E-38,0E-38,0E-38
2025-12-23 04:34:59+00:00,0xc2a3c4e92a7127606561e01e5358787839d25e25566bee9b6b0de81c036a22ab,ETH,SOL,7.368849,0E-38,0E-38,0E-38
2025-12-23 04:22:59+00:00,0x14ec1569c290d57879a07e9f200cf6ce18302ce95e20c4f22a1db5a5912f7cd3,ETH,SOL,7.403170,0E-38,0E-38,0E-38
2025-12-22 09:29:33+00:00,0x779b7f57d4b976cdbbfc7bfd7137a8ecc87c6347143bc4c6cb251023ef6af2b7,POLYGON,SOL,1.000000,0E-38,0E-38,0E-38
2025-12-22 07:31:35+00:00,0xbbda3a10e2ac5839fddb9a5c73b889a3e2b5d5fb534bfbbfc7b70a5530df3329,ETH,ARB,0.010000,0E-38,0E-38,0E-38
2025-12-18 20:45:19+00:00,4UfeNNxWtMuy5U2PvAidKQ3cCcpyxznQrPouUt5X46cwybyydrGRY7bzx2haQ21WdcVmA2FSMMWRdNGxjoea9A93,SOL,ETH,0.400000,0E-38,0E-38,0E-38
2025-12-18 19:13:41+00:00,0xc4fb47b56a5233a8dddb36fae4f9290bc802d857c0b83f1c6f931342dcc62fe8,BASE,SOL,0.250000,0E-38,0E-38,0E-38
2025-12-18 05:10:47+00:00,67VhqmMs6FjTsQJFLJWbqCjAbJ9ts76o2ydqsqNNNrLErqmyHfLrQntbbuHC5E681p2zvLzrHSWVeERvxrPVNbCx,SOL,BASE,0.000100,0E-38,0E-38,0E-38
2025-12-17 20:29:59+00:00,0x9b7fc3633972589ab563358c73e05a9a4ba14560571a84533046035c78627b02,ETH,BASE,0.020000,0E-38,0E-38,0E-38
2025-12-17 13:53:03+00:00,0x7dd7e43c4d1295464c104c271b652648d080c1ea2abbdfb0814800dc2f89c85b,BASE,HYPEREVM,0.010000,0E-38,0E-38,0E-38
2025-12-11 14:40:55+00:00,0xfae839245561f85d4e0bf398537f59ec65675045e71aee3d608375373e01ce36,ARB,ETH,1.000000,0E-38,0E-38,0E-38
2025-12-10 13:09:55+00:00,BPH8rmsmH3EDQceEECyvGrViKeLUzMbghcHUK3ohg1KrzGeofpzVvL5ivGHLNYt7XAZcCSqUzZeio9PqJwtTv6z,SOL,ARB,0.001000,0E-38,0E-38,0E-38
2025-12-10 13:07:08+00:00,5DH5aj4pRcKpzfV9Pduff6gKB5ETxHSufjSFkmeiECwrAya8vHjrJUmf4Y6NvchMwMp3pjCoE9SjDaqp4Td2p2zD,SOL,ARB,0.001000,0E-38,0E-38,0E-38
2025-12-10 13:02:57+00:00,25iWKCMa92dSQRETLVG6UzmB4kLrfHjfGT5pPRnKbcgv4Xnv2EdfoqX9w6VaPpoS1qwGYqkHpyj1bMo64ZFj56Sh,SOL,ARB,0.001000,0E-38,0E-38,0E-38
2025-12-10 13:01:59+00:00,0xe16ca3b7fcbb3a7b2741fcfb3dfcfffbd8103898629c9d4c1257030a3790309f,ETH,BASE,0.199951,0E-38,0E-38,0E-38
2025-12-10 12:42:55+00:00,5mwNCzvPFzLrYAQcpaq44877q1Fh4b8Q6yTfF7t2ucVJLB9GqUQMBzcUA5ruGcFjyJYtxsLhxPewTjYx5MvBkVor,SOL,ARB,0.001000,0E-38,0E-38,0E-38
2025-12-10 12:42:28+00:00,o64kKE1Sf6srn797xBntSwMHBWBNEKQQ6fgc3FQYCGm1zh1AN7TkjV9LVxr3yfMHv8AxoDi24J6YmYpqnuuzmJW,SOL,ARB,0.001000,0E-38,0E-38,0E-38
2025-12-10 12:42:02+00:00,BEEorfWmk2E8beWLtzSN1AL2hsQTTp7uQsJQwEfBu5uP8cRqLKKGkdY7hWAaijitd4XsDKURX2frb55Vvpmpf5E,SOL,ARB,0.001000,0E-38,0E-38,0E-38
2025-12-10 12:39:41+00:00,tGpEWPcJPrjHdPk3EeL8jvutnSkL6RHkmgNv6FWVGgLZHb4qnGR2bwTPCHTnaHBfTbzGKFQWQCAJowViJngm6rH,SOL,ARB,0.001000,0E-38,0E-38,0E-38
2025-12-10 12:38:56+00:00,3sTvpK13ZyPTft9hpybXQn9rKqh1ZUL5AvKsahoZTpuBxQF38WS5FDJyhapUVoBau8DTYcEB2u392cTDTig1Zm6G,SOL,ARB,0.001000,0E-38,0E-38,0E-38
2025-12-10 12:34:47+00:00,3ZHGWpFttHHUNJuLNSJNYi5BDFbK7zPkaKaBmYZYznPmW3NUnekuhqvQbf911xP3c9ohhjHY3r6114xEJj9UPBRD,SOL,ARB,0.001000,0E-38,0E-38,0E-38
2025-12-09 14:44:33+00:00,0xf1155d6b6944b20e0a221f4cda1c1123acbe3cc5d9e13a379328b0fb033498b3,ARB,ETH,0.010000,0E-38,0E-38,0E-38
2025-12-08 22:30:23+00:00,0xf0c1df273e510380648d6405f717724057ffb40ee1a5aa10075acf49804d77dd,ETH,ARB,10.000000,0E-38,0E-38,0E-38
2025-12-06 16:59:03+00:00,0xe4b019e3d4db9bddd3fd3de2a7e0403626ee0d5cec31ef7a1e1110264c0895d5,POLYGON,BASE,0.010000,0E-38,0E-38,0E-38
2025-12-06 16:55:33+00:00,0xbd443c3e941340fd8a12ac3681864baa5deec2c1a9de0e4691c5327c135dc1be,POLYGON,BASE,0.010000,0E-38,0E-38,0E-38
2025-12-06 16:52:59+00:00,0x732f1829cc786f8b6067b0e7cba05560ebf740691f6169d0939023da5e83aac7,POLYGON,BASE,0.010000,0E-38,0E-38,0E-38
2025-12-06 16:50:59+00:00,0x0e3382de9f53eb3017b630fe47d89f145ae7836e3ea03161a01cfcb0cfbbc745,POLYGON,BASE,0.010000,0E-38,0E-38,0E-38
2025-12-05 09:37:59+00:00,0xb9a9d79d8e3b388942647b96285a560198c71d6c46f0e8e6ed81c5ddf8800f12,ETH,ARB,0.010000,0E-38,0E-38,0E-38
2025-12-05 09:21:47+00:00,0xf83f84349eb4bcf551ce0c1a40356cfc9dce94114c53ec434231603b669cdf0e,ETH,ARB,0.010000,0E-38,0E-38,0E-38
2025-12-05 08:44:59+00:00,0x0bdcb86668c167871a3ec61245df8be28457895545866e8bd38b40923e0546d2,ETH,ARB,0.010000,0E-38,0E-38,0E-38
2025-12-03 12:42:47+00:00,0x60e004619592e174d03f1abab502bf3390137f2c5649994d9b132bf6cb19c5a2,ETH,SOL,0.100000,0E-38,0E-38,0E-38
2025-12-01 07:14:55+00:00,4X1Brz7VuwWgnAPkGXX6amYLWKafQcDFJrS9FBRQCZVps3mHS1JmHwVXHKbbS6RSG2P38g9CVT5nxbkyJsEzm2L9,SOL,ARB,0.000119,0E-38,0E-38,0E-38
2025-12-01 07:04:49+00:00,3XxbGZvjZTaXyqkfMEhvG54cfWtQMANBHyMSn3qgxpX8ru7CNn4FSpzSFvXPqmNe16QpN4azc7P65FLbtbk4GpPG,SOL,ARB,0.000119,0E-38,0E-38,0E-38
2025-11-30 10:11:18+00:00,34RhdBE4i3zZScGHCMZfTsoTK7dfcC6G4e4SNZDRn7gwqtL5zY2kvNaMu1gQmxhjeuVerBhrhN8rVCoTLj6vwE6v,SOL,ARB,0.000300,0E-38,0E-38,0E-38
2025-11-30 09:18:22+00:00,4nJS9LeypeafcuPzoPJPRiUPYVznuRYrBU1APrepaYKqT9UVbqfxGA4x32Mz1rxwqQQUM48jBpmnk34EzbsnGo1d,SOL,POLYGON,0.000025,0E-38,0E-38,0E-38
2025-11-30 09:15:06+00:00,5AscyRT1a9pGo6rG6z972kuy2EYV4PZv1FdL2wqjh7a6QCSTg9ek3azGcko6Ptb4X1GA3cXsKQJ6xxq8khvZTGZ1,SOL,POLYGON,0.000039,0E-38,0E-38,0E-38
2025-11-30 09:14:16+00:00,gdwrCq5sGdQ9gwgvJpn6pZjisLWyPUgz2JyWCBxrnYHYeHc6o1SWu75z4hdRRRUuF5aYvHumjE6SW4vBWKU1vFw,SOL,POLYGON,0.000041,0E-38,0E-38,0E-38
2025-11-30 09:11:43+00:00,5AhcLrk2HT4t4WZP2uZqiZHeTFotynrvp5SxLhHAiWRCRhNxTbue3WN67kCc4ZxZzuWwhiahoWyFj1T17L5oW4TN,SOL,POLYGON,0.000023,0E-38,0E-38,0E-38
2025-11-30 09:06:25+00:00,3PJJoJimK2PjwSMKFag22m8UNU4kWUSkDLP1iBTFr5ccK5y1x2kcsKCjGo2NbucvpX2BigefwiF9zYy79d1ywbi4,SOL,POLYGON,0.000048,0E-38,0E-38,0E-38
2025-11-30 09:01:03+00:00,2NUbgf687h7mtDCZktm1rngcHks5SmDzw5YaygsWBeaoCNc3Zuii57tZYY9qZc3wWrLMz2pv7FtoG7guh7s799Vt,SOL,POLYGON,0.000022,0E-38,0E-38,0E-38
2025-11-28 20:20:11+00:00,0xc10134e8b7585070e144cb3e6b011688eddb45c0401a6a1a3224a4642086a489,ETH,SOL,0.500000,0E-38,0E-38,0E-38
2025-11-28 07:41:15+00:00,0x535d931279ed210fdf51707b25a49241919884e32c6bfa3bf990717be7bd30df,ARB,ETH,5.000000,0E-38,0E-38,0E-38
2025-11-28 07:32:27+00:00,0x96979fc2a3c13200c4e0bc3b49d1802ef02243749e796becfa2788859c816269,ARB,ETH,20.000000,0E-38,0E-38,0E-38
2025-11-24 18:19:57+00:00,3cjfK2z9hXSak4tBMcs2mxHxLBfP6PeJvcAv2Mi9UXYYJTZNtiRHWrKhLYoanE6BPW152AQULekXYis29CdKo6Wt,SOL,ETH,2.000000,0E-38,0E-38,0E-38
2025-11-24 15:19:05+00:00,0x9ed44e89a860ef9af92e50c2ed8832503e1996aa38e990831bf3f5ada5c2f72a,ARB,MONAD,2.000000,0.68999999999999994670929481799248605967,0.06899999999999995026200849679298698902,0.62099999999999999644728632119949907064
2025-11-23 16:52:57+00:00,0x0a0f250bbc8846f8cb254c514a37fe82b421e44727ba09281db1554d7b678e18,POLYGON,SOL,1.000000,0E-38,0E-38,0E-38
2025-11-23 11:20:11+00:00,0xac8db53c08c52a57c47d8528241ed7d14ec31ac1cb3e1f9690a5c845f790262b,BASE,POLYGON,0.010000,0E-38,0E-38,0E-38
2025-11-23 11:12:27+00:00,0x4a0702f4ba44018b0fd57467d6d8622e26dfabf6a686a7a9993656822cd62457,BASE,POLYGON,0.010000,0E-38,0E-38,0E-38
2025-11-23 11:04:57+00:00,0xce5228c8d63bd8d945ae6545bb7211508c8ebe3072f302666b9cfe6006d7d2fb,BASE,POLYGON,0.010000,0E-38,0E-38,0E-38
2025-11-23 10:59:21+00:00,0xee389dd673443b4ea365a723320a674e6cadad88f831d650b8e79ed70ab07676,BASE,POLYGON,0.010000,0E-38,0E-38,0E-38
2025-11-23 10:58:33+00:00,0xe7364d7fc165c712fe81fced81dc9d99e24ad7de7d425ba16e63292935ceac5f,BASE,POLYGON,0.010000,0E-38,0E-38,0E-38
2025-11-23 10:57:35+00:00,0x7f31ee2ea41309f0403dbc6c8506d90b21052afe80d0d5950c80b88047e86336,BASE,POLYGON,0.010000,0E-38,0E-38,0E-38
2025-11-23 07:07:43+00:00,0x42b13bf0d3e175afc66af9c51114244c15cd3a0d3518e5bd0fb3492fa92e9b46,BASE,POLYGON,0.010000,0E-38,0E-38,0E-38
2025-11-23 02:09:29+00:00,0x5938328317d5b6183f9086c697f1621cc7169af80a08fcd028b88ecf17a2ef82,BASE,POLYGON,0.010000,0E-38,0E-38,0E-38
2025-11-23 02:07:29+00:00,0xa2cc84f90d33aff1be654699ab89db935a36edcdb62bb09ef20246e9793b50da,BASE,POLYGON,0.010000,0E-38,0E-38,0E-38
2025-11-23 02:06:53+00:00,0xfbf17e3f2f44eaec8f0c6f759ed65d9e0fe344c10c8f6a22e715f09375e3ac39,BASE,POLYGON,0.010000,0E-38,0E-38,0E-38
2025-11-23 00:35:27+00:00,0xc63004be8a1444f771231588ee73e91da800bc88ad4684f0f873590e73900292,BASE,POLYGON,0.010000,0E-38,0E-38,0E-38
2025-11-23 00:26:23+00:00,0xc2b442c23e943d41bdd3181a13e40dbffda735771d05caa0b17101a4d82242a6,BASE,POLYGON,0.010000,0E-38,0E-38,0E-38
2025-11-23 00:23:11+00:00,0x5b12ebdda3c462aacd4839cc36b034b244df2e88d24d743753b2fa281db415be,BASE,POLYGON,0.010000,0E-38,0E-38,0E-38
2025-11-19 08:23:47+00:00,0x9807aa06b83e70bfdb4b81b992920abe1fc4175d731a836efdfd401c9438d42d,ETH,SOL,0.200000,0E-38,0E-38,0E-38
2025-11-19 08:17:11+00:00,0x3eade1e7cb6800ca7ce2b2bac22f70c140f50d5687f4cbd7d355d6912da71d59,ETH,SOL,1.000000,0E-38,0E-38,0E-38
2025-11-18 23:07:05+00:00,0x150477035b26ec9bd51ccc18b403b7bbea9bdd8a088750e5039a7512db3d770b,POLYGON,SOL,5.550000,0E-38,0E-38,0E-38
2025-11-18 22:47:43+00:00,0x756900cfad664432830996c2d62ab2a4598f9d1b63fda185eecd30e44947499f,POLYGON,SOL,5.550000,0E-38,0E-38,0E-38
2025-11-18 21:29:07+00:00,0xce244a46413cb50cb6c90fc3e1eec9fd4e6cd9c13fad9cb633727550fbf8db40,POLYGON,SOL,5.550000,0E-38,0E-38,0E-38
2025-11-18 21:25:55+00:00,0x4e58dba3aa38f6105b4eb1dc23c813e715737cb315fcd58e9d62013d9d8bf326,POLYGON,SOL,5.550000,0E-38,0E-38,0E-38
2025-11-18 21:23:13+00:00,0x5bfe568ce3e38ef24b8b3febedaf0f43f81eaa877c020c7822d61053537c2045,POLYGON,SOL,5.550000,0E-38,0E-38,0E-38
2025-11-18 20:16:47+00:00,0x482a38bd30cd00f984b5c97c314002291cfaad0ff7072a02a08d060f5ad316cd,POLYGON,SOL,5.550000,0E-38,0E-38,0E-38
2025-11-18 19:59:45+00:00,0x5df71f81e9d3baf1e8e5758109ccfc1dec5c485d25bd162098b029470a9de07b,BASE,SOL,5.550000,0E-38,0E-38,0E-38
2025-11-18 19:57:53+00:00,0x3f7987af6d60abc95a3209c7dd33a14fa841b26a736644b87af938832bdface6,BASE,SOL,5.550000,0E-38,0E-38,0E-38
2025-11-18 19:55:41+00:00,0xda35bdbb8abd8983374f940b643cd6ff93ae456816420e0548a895cc9f8f0c62,BASE,SOL,5.550000,0E-38,0E-38,0E-38
2025-11-18 19:54:59+00:00,0x84802e9ab8da303b73bcbbde8fd9583ceba60f66321306f443a81d9332e79535,BASE,SOL,5.550000,0E-38,0E-38,0E-38
2025-11-18 00:23:10+00:00,5ypvUKEr2PwfGtKfGPVTbyK5NkpupbEuVfq9Mj8Unp5VSDhU8n1qRHWkmXX6Xn8oGn6VhxqEbApyc15WuzpVduCw,SOL,ARB,0.050000,0E-38,0E-38,0E-38
2025-11-18 00:19:14+00:00,ot7Qa4dascQFAJFfATPnWQB65wGryd1Xj3AztTSxN4dGgVUasyp5s6cicgy8yuKmTnxacidjmMPif3NdRckNyL6,SOL,ARB,0.020000,0E-38,0E-38,0E-38
2025-11-17 13:47:07+00:00,3beAQdAZk8uZVf5a9Yw5NK3LLETrNYKppRSF6VjtCiKy6w8FcSpF9KbCmoKvs6Decyp3GJWbuqMJpCdVwFC7dLTL,SOL,ARB,0.010000,0E-38,0E-38,0E-38
2025-11-17 11:16:51+00:00,4Mzpg6Eu9siN5i1CSh22NMpj3djxNDStucAThvVLhH7yXMqcGoQmjkecJJXeqLxH1gRXddRzzkxb9rUPEs1PfvAw,SOL,ARB,0.010000,0E-38,0E-38,0E-38
2025-11-17 11:12:46+00:00,4hmowyDgKzAPU1HRZrzJce8PFdPpKaHBDqzZYaZn1WqPGPVjPNxypS1gjwnLz9eLLymFKmaeg2YpF84xGmiiu8Uc,SOL,ARB,0.010000,0E-38,0E-38,0E-38
2025-11-16 12:48:16+00:00,3nR5yiu3CtaDnsfpkkHsDtvAdZmvUVj4FXY6WMkbKXZh5gbC3JgDHHjC5g7bgbsRRMaze2fzL22JJJzjwXbYnXzv,SOL,BASE,1.000000,0E-38,0E-38,0E-38
2025-11-14 15:56:49+00:00,58zsiQESjypdnTuEzmxBqBEjGP61FTnZr7RzSmgy5VxfkvFNH76ipLK9aimbLgK4qDyeX6tnQoKB6AjSwx3xSM4q,SOL,ARB,0.100000,0E-38,0E-38,0E-38
2025-11-14 15:18:19+00:00,3RCTDRhJfkwBrG9BL2mRi9z9uQm7qQmR6kpkoTAXJdbN6seuhauacb1UvCkKsQ57V7SLJJFbV1korQqgDQeqeMW1,SOL,ARB,0.100000,0E-38,0E-38,0E-38
2025-11-14 15:15:52+00:00,3wdF7VopZGtcNGqJAnXYvr5X2ojC15NTNT26eJkuEr4tZN4ZxKnto2KsExcNQbS1BmhupzbcfmfeqjuPfa6NrENX,SOL,ARB,0.050000,0E-38,0E-38,0E-38
2025-11-14 15:10:52+00:00,2edyHXtSsnLek12z9Yj3NP76zphiAfrvxJkvE1K6bXsPX5KvZYQf9zgszPtJwjpbTFgbodioNdtof33N65kXnTYQ,SOL,ARB,0.010000,0E-38,0E-38,0E-38
2025-11-14 15:02:05+00:00,5nMovt7sUvzFBAejrYoxEa1EMKPbSW5BKAb2rZ1QjvGD6MJNkcPitGaaypJQ9XATvyZzmqsuj1DvEDJrhH5zP92p,SOL,ARB,0.010000,0E-38,0E-38,0E-38
2025-11-14 14:59:25+00:00,5ZGkcC9ZEs9VudycWwndiMhPDozswW4aXpCeMX6YUhpVWPDjAk8RB7tDCPEKpDaMLjVWqc3ZU84UBLguYRpCigxS,SOL,ARB,0.010000,0E-38,0E-38,0E-38
2025-11-14 14:48:23+00:00,3YLVtkpSmmWo75KEPPqCUGjoeuJnTgS8yjvvCkaVZSr5BjuT2acowkYNnpVqeE99ERgvJgRhKjND3DwQHtCpc71f,SOL,ETH,0.010000,0E-38,0E-38,0E-38
2025-11-14 11:56:11+00:00,2R7baXUUdDd7S6rfhH49L3KkLLXa3Dt1so16nYG57WHc4b5UsVe8RaGTTmNs7v9TFf473Dt6a1WHyMezmwscJ4cH,SOL,ARB,0.010000,0E-38,0E-38,0E-38
2025-11-14 11:46:05+00:00,488BQQDFSj39TM478nLpfbVMGqPnnRoR4UHmNuSBzqPkGzhzEneppxdqG4xRFo3Zs11tk9a1QmE9Qfw6pZe7cy3u,SOL,ARB,0.010000,0E-38,0E-38,0E-38
2025-11-13 08:13:15+00:00,0xb1eaba490ca2d56ee75bdf4f77b8fb39d6b83d98f5bbcef314ac88c5dd324e2a,BASE,POLYGON,0.009999,9.9999999999999995474811182588626E-7,0E-38,9.9999999999999995474811182588626E-7
2025-11-13 05:57:39+00:00,4iii5z1zZtXPYBCk3Y6DFSEp1fwhX5begwZsuPF22qj1aikTUEHz3KgesHJ42xpaWpPEYqcstBF54AaVPPAwkxEV,SOL,ARB,4.000000,0E-38,0E-38,0E-38
2025-11-13 03:44:43+00:00,0xee4ff2e424b9c2e7cd43aa05e75a09b61bf854e0f11470ae2275db96250670e6,BASE,POLYGON,0.009999,9.9999999999999995474811182588626E-7,0E-38,9.9999999999999995474811182588626E-7
2025-11-13 03:18:39+00:00,0xfd8015e42c779ce7227de3a89e77fbaf5fd5ad12056d373728a98dd8e5381b8f,BASE,POLYGON,0.009999,9.9999999999999995474811182588626E-7,0E-38,9.9999999999999995474811182588626E-7
2025-11-12 01:13:11+00:00,0x98d42ee0abf22bf57b34fd3b4d1c45f7863edc83dc80fa49168b91a820ca5b05,ETH,SOL,0.010000,0E-38,0E-38,0E-38
2025-11-12 00:53:11+00:00,0xb1bc29c28b224b3741a01ca85b07902ad825a02aacbe80cf3e8016d0bd8dbffc,ETH,SOL,0.010000,0E-38,0E-38,0E-38
2025-11-11 22:45:59+00:00,0xe1177d288f637927725d508a2dcdf762b5d3d273625fae7875cb149ee3720b96,ETH,SOL,0.010000,0E-38,0E-38,0E-38
2025-11-10 14:03:35+00:00,3XJG2cdRtTDXxj1iQWZVWrnXjNcvH7VzQkthfjkwiXNCj12yZ2SAyiTeGmzyZN5Q9fDFLnpqq7KCVruXdDMXRCFt,SOL,ETH,1.000000,0E-38,0E-38,0E-38
2025-11-10 10:23:26+00:00,2qmDBPet51ASLF7rxEJAasMiWQNMcbKfLjKpAmgGd88dnbRqVN8SfUGXxoJYXDaaXyoqgCSWgHEtGNsUCcnZBkY9,SOL,BASE,10.000000,0E-38,0E-38,0E-38
2025-11-07 19:32:01+00:00,0x91d155865f638babf5673116dfd22bce1d6bb61e06a5533bd522e471a6f0d78f,AVAX,SOL,0.001000,0E-38,0E-38,0E-38
2025-11-07 19:21:56+00:00,0x0aa511ecd2eebb1368b0b24e6995caa414c84467d3c043412b0e855e11232f3a,AVAX,SOL,0.001000,0E-38,0E-38,0E-38
2025-11-07 18:55:20+00:00,2gsrM4d1egTSVv7TVr1vrWdVJawLQJ2MK2N6uaLPfiViYAckNKoid4iSPD5nEFExPci5bcuJcsZtnbPshGXaY6Xf,SOL,AVAX,0.010000,0E-38,0E-38,0E-38
2025-11-07 18:49:41+00:00,0xb1135e8ef1840ec684c8b1c9897ec01b5a4d3669753b6078b7b9ad0d1d595d67,AVAX,SOL,0.010000,0E-38,0E-38,0E-38
2025-11-07 18:04:20+00:00,0xd788d97561f4f77f9e57e4b0157ecf91cb961e8c656911a1e0234035192475d5,AVAX,SOL,0.010000,0E-38,0E-38,0E-38
2025-11-07 18:02:23+00:00,0xef075e28037a850482c59ac466907bf01e27c9a555648ee6052343f9b011df6b,AVAX,SOL,0.010000,0E-38,0E-38,0E-38
2025-11-07 17:59:45+00:00,0x9dd4eb3d01fbf716c182ea0b9dc4d44844fdefbe01ea0ff379d4bc16f96e5de2,AVAX,SOL,0.010000,0E-38,0E-38,0E-38
2025-11-07 16:52:54+00:00,PRpaJqXY2g6iYC8M5JPabr31uMZwEFN9vJe66Dq222H2EzBm9x1o6kcwnW5tyCwpJLmeDKG3p1rXF2bFAyTuZsr,SOL,BASE,3.000000,0.02999999999999999888977697537484345958,0.00299999999999999919508830714676150819,0.02699999999999999969468866822808195138
2025-11-07 16:37:03+00:00,V6YXaobLRFJwWbb8bNqiRg2pCzvtzqmfHbzyuciMNfMdGwCeHgWMowSV46Qf68qvtTHBS3QjZpLHFYhAkgDnkt3,SOL,BASE,3.000000,0.02999999999999999888977697537484345958,0.00299999999999999919508830714676150819,0.02699999999999999969468866822808195138
2025-11-07 14:56:08+00:00,3QNN7EmusYhjiMNLY6R7scRHRgpE4m4111vvDwoJK4sNb2Bk8WaUBCSp3WbKiPkcvQE5wXSYKs8hrnZpn4WhQhkv,SOL,BASE,2.000000,0.02000000000000000041633363423443370266,0.00200000000000000177635683940025046468,0.01799999999999999863997679483418323798
2025-11-07 14:45:44+00:00,3ByrEfsVRKbW5pJ6JwsajpoKw5nPhdqDYDdbv9HZ7VFMjEbk2n3dwEnnkjsHPqdWwa3DSCb965zUMnrmwfB8Mstf,SOL,BASE,2.000000,0.02000000000000000041633363423443370266,0.00200000000000000177635683940025046468,0.01799999999999999863997679483418323798
2025-11-06 16:35:47+00:00,0x3fc8cb2bcd1d05ee8fb250aaa8a7921b3a89b32a3004929810d9cdd20c2e9ec2,ETH,SOL,0.500000,0E-38,0E-38,0E-38
2025-11-06 15:44:11+00:00,0x56f4bb2b0b2f1bfaac03cb8da31cace25756f4ca71206d4cf47139289aaf8a4a,ETH,SOL,1.000000,0E-38,0E-38,0E-38
2025-11-05 17:11:02+00:00,443TiUKsmhHDEymujAwn14QysmNRxueKXdxx6nBj9KiF5bRepcznVbgxANhZKEeLUPEbFnNSk7GRjJ6DfVSvBYUB,SOL,BASE,0.010000,0E-38,0E-38,0E-38
2025-11-05 16:48:18+00:00,3hDYgjDXpMf7koHbVh9LPE74zDBA4nf2ewS9LiD1tWX3Q7J5JPjQoU4nPBYvSX7kASzvPGHUQBC3WjXhW3FpAM5q,SOL,BASE,0.010000,0.02000000000000000041633363423443370266,0.00200000000000000177635683940025046468,0.01799999999999999863997679483418323798
2025-11-05 12:43:14+00:00,3Xahc31jGL4KERacu567TVkfNn8qygFWfzo5YfxmGZncnb1VW5yWnqWEz3KEdZM8hNWChnjkzjFFk3UxMpsV92Nh,SOL,BASE,0.010000,0.02000000000000000041633363423443370266,0.00200000000000000177635683940025046468,0.01799999999999999863997679483418323798
2025-11-05 12:42:31+00:00,2MBUmwHiAPdufdhtK5hgK56tkTywwE82jXAaD1TycayFu5Jb7D9aCVDMpakpecH5XHeVPycY85XAmJ8NwEyv28Up,SOL,BASE,0.010000,0.02000000000000000041633363423443370266,0.00200000000000000177635683940025046468,0.01799999999999999863997679483418323798
2025-11-05 11:50:16+00:00,5MARrVD4XbR5pG1RphFfMPurJ7ZSF22mGEBbkGmAEoyqiYKaszh5TrPY9i9cdVAD6C3rXnszbkfbMh17oc9Kig6U,SOL,BASE,0.010000,0.02000000000000000041633363423443370266,0.00200000000000000177635683940025046468,0.01799999999999999863997679483418323798
2025-10-31 23:07:51+00:00,0x1e74be1899474f87b53b7af5b62ee6458b3b97230c5561c2ec25f4888207a993,BASE,SOL,0.001000,0E-38,0E-38,0E-38
2025-10-31 22:55:19+00:00,0xdb194f170bfd347b8e54c96ab0d60e15dc80e1954184f34fa4469b6365870579,BASE,SOL,0.001000,0E-38,0E-38,0E-38
2025-10-31 22:48:27+00:00,0x8362cced7867fd19bbc04b98d83529ab4adeb22404b8c51d2ea692fdffc42891,BASE,SOL,0.001000,0E-38,0E-38,0E-38
2025-10-31 22:47:49+00:00,0x2cd56e08bb3bbd26ca74af0a0832ceed14973ba221fd0d852db8acb8b3a9cd8e,BASE,SOL,0.001000,0E-38,0E-38,0E-38
2025-10-31 22:34:19+00:00,0x764871346bb031bb7a4e7191c6b75da20d3436078cf30ca3d99cf57ec955b172,BASE,SOL,0.001000,0E-38,0E-38,0E-38
2025-10-31 22:15:47+00:00,0xf9e52a6ec15e87748ca6babf452489aac0e62e400e8790a72ebc1e1c873cb102,ETH,SOL,0.010000,0E-38,0E-38,0E-38
2025-10-31 21:33:03+00:00,0xc963a2184fcabaa7a88dc5c6252ce476d428f8f623838dafdc6f94ea19709e18,AVAX,SOL,0.010000,0E-38,0E-38,0E-38
2025-10-31 21:28:45+00:00,0xa79ea38674dec5a8d9938fea1c633e58762f5eb89d1af201851b0ae2e3ac0c94,AVAX,SOL,0.010000,0E-38,0E-38,0E-38
2025-10-31 12:05:25+00:00,0x936dd0148c77ade21139222164ec86eedc00cd4a25412f5f208d2fa87606decd,BASE,SOL,1.000000,0E-38,0E-38,0E-38
2025-10-31 11:06:07+00:00,0x3d4030276bcbd5c8b5e3679aa85e5681df8195fb91e88b04cc62f4b5fb516816,BASE,SOL,1.000000,0E-38,0E-38,0E-38
2025-10-31 09:33:35+00:00,0x75027e9cca61953e3a1594c2cc066c2daaceb87dfd41c53d35221ef54457cda1,BASE,SOL,1.000000,0E-38,0E-38,0E-38
2025-10-31 09:31:21+00:00,0x473566c4bcfbcb9860499d4cab7ea9481892f585a9e240277982e5e939fdd28e,BASE,SOL,1.000000,0E-38,0E-38,0E-38
2025-10-30 16:41:07+00:00,0x6b8abb65ec8eee5a225f42363fc0ac9069a502c8f38b751424614a2fc6d6c2ee,BASE,SOL,0.100000,0E-38,0E-38,0E-38
2025-10-28 12:55:33+00:00,0x0b9248a0d93c85b81168459fc9d2f1daa430db002360930994be762d93fb0918,ARB,SOL,0.100000,0E-38,0E-38,0E-38
2025-10-28 12:52:16+00:00,0x2286d37c638592d62f95ae8f2d8ab4551da8d0dae26311d25a531e948f13162b,ARB,SOL,0.100000,0E-38,0E-38,0E-38
2025-10-28 12:50:16+00:00,0x1de69cb6e972057562c723dc01d67cb7e4195d046e244cc6822d4c23c03b2a4e,ARB,SOL,0.100000,0E-38,0E-38,0E-38
2025-10-27 03:02:13+00:00,0x35eaddfdc704ea84741be063c1a4d6b07a9edef11c5972034c8f284ed01ab6d4,BASE,ARB,2.000000,0.01000000000000000020816681711721685133,0.00100000000000000088817841970012523234,0.00899999999999999931998839741709161899
2025-10-23 10:19:59+00:00,0x3ef745da59274ecf164952673ec615377fb6d265ae4b168d160f399b1a3a9b58,ETH,SOL,1.000000,0E-38,0E-38,0E-38
2025-10-14 18:31:39+00:00,0xc90c3f63d30c7d4c63bfd26fca6fbcbac7acbf5c760189919202cf5d5e3dbddf,BASE,SOL,1.000000,0E-38,0E-38,0E-38
2025-10-14 18:22:43+00:00,0x8e2f72e3afe7b033693010c1e8a76a3db710a5806221c08abee55081a90a7e4f,BASE,SOL,1.000000,0E-38,0E-38,0E-38
2025-10-14 18:08:25+00:00,0x202f574ff3c597eb48197f7b21fb1c817cbb9f3c67efae95c219e159f5d1618f,BASE,SOL,0.100000,0E-38,0E-38,0E-38
2025-10-14 18:07:53+00:00,0xb10b968c2a088951f521b138d0fa468d4c7c1b0ff9bc956c98245955bbf543aa,BASE,SOL,0.100000,0E-38,0E-38,0E-38
